POSITIONS,UNIQUE ID,ID TYPE,NAME,PORTFOLIO,POSITION UNITS,HAS_LOOKTHROUGH,FUND_NAV,PRICE,CURRENCY,TICKER,Asset Class,sector,geography,esg_Controversy,esg_Environmental,esg_Governance,esg_Social,esg_Sustainability,has_Tobacco,has_Alcohol,has_Gambling,has_Military,has_Fossil Fuels
,CX_US4642851053_NYQ,ISIN,iShares Gold Trust,Sample Portfolio,100,FALSE,,11.95,USD,IAU,Commodities,Commodity,United States,8,3,5,1,3,FALSE,FALSE,FALSE,FALSE,FALSE
,CX_US0584981064_NYQ,ISIN,BALL CORP,Sample Portfolio,100,FALSE,,42.42,USD,BLL,Equity,Materials,United States,5,10,9,5,4,FALSE,FALSE,FALSE,FALSE,FALSE
,CX_IE00BY7QL619_NYQ,ISIN,JOHNSON CONTROLS INTERNATIONAL PLC,Sample Portfolio,100,FALSE,,44,CAD,JCI,Equity,Industrials,Canada,3,5,3,10,10,FALSE,FALSE,FALSE,FALSE,FALSE
,CX_US1912161007_NYQ,ISIN,COCA-COLA,Sample Portfolio,100,FALSE,,44.67,USD,KO,Equity,Consumer Staples,United States,1,6,9,1,4,FALSE,FALSE,FALSE,FALSE,FALSE
,CX_US46434G1031_NYQ,ISIN,iShares Core MSCI Emerging Markets,Sample Portfolio,100,FALSE,,52.23,USD,IEMG,Equity,Diversified,United States,3,7,9,4,4,FALSE,FALSE,FALSE,FALSE,FALSE
,CX_US70450Y1038_NSQ,ISIN,PAYPAL HOLDINGS INC,Sample Portfolio,100,FALSE,,58.96,USD,PYPL,Equity,Information Technology,United States,4,6,7,9,8,FALSE,FALSE,FALSE,FALSE,FALSE
,CX_US4642874659_NYQ,ISIN,iShares MSCI EAFE,Sample Portfolio,100,FALSE,,66.25,USD,EFA,Equity,Diversified,United States,1,9,6,10,8,TRUE,TRUE,TRUE,TRUE,TRUE
,CX_US4878361082_NYQ,ISIN,KELLOGG,Sample Portfolio,100,FALSE,,66.26,USD,K,Equity,Consumer Staples,United States,1,1,1,6,2,FALSE,FALSE,FALSE,FALSE,FALSE
,CX_US4642878049_NYQ,ISIN,iShares Core S&P Small-Cap ETF,Sample Portfolio,100,FALSE,,70.69,USD,IJR,Equity,Diversified,United States,4,10,10,10,5,TRUE,TRUE,TRUE,TRUE,TRUE
,CX_US5486611073_NYQ,ISIN,LOWES COMPANIES INC,Sample Portfolio,100,FALSE,,75.96,USD,LOW,Equity,Consumer Discretionary,United States,7,9,6,4,5,FALSE,FALSE,FALSE,FALSE,FALSE
,CX_US9100471096_NYQ,ISIN,UNITED CONTINENTAL HOLDINGS INC,Sample Portfolio,100,FALSE,,78.9,USD,UAL,Equity,Industrials,United States,4,1,6,3,7,FALSE,FALSE,FALSE,FALSE,FALSE
,CX_US4642885135_NYQ,ISIN,iShares iBoxx $ High Yield Corporate Bond ETF,Sample Portfolio,100,FALSE,,88.6,USD,HYG,Corporate Bonds,Diversified,United States,8,9,6,2,5,FALSE,FALSE,FALSE,FALSE,FALSE
,CX_US30231GAN25_USD,ISIN,EXXON MOBIL CORP,Sample Portfolio,100,FALSE,,96.35,USD,XOM,Corporate Bonds,Energy,United States,10,3,10,6,9,FALSE,FALSE,FALSE,FALSE,TRUE
,CX_US29379VAY92_USD,ISIN,ENTERPRISE PRODUCTS OPERATING LLC,Sample Portfolio,100,FALSE,,99.53,USD,EPD,Corporate Bonds,Energy,United States,1,2,2,8,1,FALSE,FALSE,FALSE,FALSE,TRUE
,CX_US56585AAG76_USD,ISIN,MARATHON PETROLEUM CORP,Sample Portfolio,100,FALSE,,101.27,USD,MPC,Corporate Bonds,Energy,United States,8,4,4,5,9,FALSE,FALSE,FALSE,FALSE,TRUE
,CX_US651639AN69_USD,ISIN,NEWMONT MINING CORP,Sample Portfolio,100,FALSE,,103.87,USD,NEM,Corporate Bonds,Industrials,United States,2,10,9,9,2,FALSE,FALSE,FALSE,FALSE,TRUE
,CX_US03232PAD06_USD,ISIN,AmSurg Corp 5.625% 07/15/2022,Sample Portfolio,100,FALSE,,104,USD,AMSG,Corporate Bonds,Health Care,United States,7,10,3,9,4,FALSE,FALSE,FALSE,FALSE,FALSE
,CX_US02079KAA51_USD,ISIN,ALPHABET INC,Sample Portfolio,100,FALSE,,105.39,USD,GOOG,Corporate Bonds,Information Technology,United States,5,1,2,10,9,FALSE,FALSE,FALSE,FALSE,FALSE
,CX_US031162BG42_USD,ISIN,AMGEN INC,Sample Portfolio,100,FALSE,,106.49,USD,AMGN,Corporate Bonds,Health Care,United States,4,6,1,4,10,FALSE,FALSE,FALSE,FALSE,FALSE
,CX_US4642874402_NYQ,ISIN,iShares Core S&P Mid-Cap ETF,Sample Portfolio,100,FALSE,,106.92,USD,IJH,Equity,Diversified,United States,6,5,7,9,2,TRUE,FALSE,FALSE,FALSE,FALSE
,CX_US031162BK53_USD,ISIN,Amgen 5.15% 11/15/2041,Sample Portfolio,100,FALSE,,116.05,USD,AMGN,Corporate Bonds,Health Care,United States,4,8,7,9,5,FALSE,FALSE,FALSE,FALSE,FALSE
,CX_US4642872422_NYQ,ISIN,iShares iBoxx $ Investment Grade Corporate Bond,Sample Portfolio,100,FALSE,,121.2,USD,LQD,Corporate Bonds,Diversified,United States,6,10,1,9,2,TRUE,FALSE,FALSE,FALSE,FALSE
,CX_US4642872000_NYQ,ISIN,iShares Core S&P 500,Sample Portfolio,1000,TRUE,1.53E+11,247.36,USD,IVV,Equity,Diversified,United States,7,3,3,6,6,TRUE,FALSE,FALSE,FALSE,FALSE
,CX_US1696561059_NYQ,ISIN,CHIPOTLE MEXICAN GRILL INC,Sample Portfolio,100,FALSE,,374.98,USD,CMG,Equity,Consumer Discretionary,United States,4,1,10,5,2,FALSE,FALSE,FALSE,FALSE,FALSE
,CX_US0533321024_NYQ,ISIN,AUTOZONE INC,Sample Portfolio,100,FALSE,,495.69,USD,AZO,Equity,Consumer Discretionary,United States,3,9,7,1,9,FALSE,FALSE,FALSE,FALSE,FALSE
,CX_US46120E6023_NSQ,ISIN,INTUITIVE SURGICAL INC,Sample Portfolio,100,FALSE,,946.65,USD,ISRG,Equity,Health Care,United States,8,9,7,3,7,FALSE,FALSE,FALSE,FALSE,FALSE
,US65249B2088,ISIN,NEWS CORP CLASS B,IVV,763711,FALSE,,15.6,USD,NWS,Equity,Consumer Discretionary,United States,9,9,2,5,2,FALSE,FALSE,FALSE,FALSE,FALSE
,US9043112062,ISIN,UNDER ARMOUR INC CLASS C,IVV,1168922,FALSE,,20.19,USD,UA,Equity,Consumer Discretionary,United States,7,9,8,3,3,FALSE,FALSE,FALSE,FALSE,FALSE
,US25470F1049,ISIN,DISCOVERY INC SERIES A,IVV,963636,FALSE,,26.69,USD,DISCA,Equity,Consumer Discretionary,United States,7,7,8,9,6,FALSE,FALSE,FALSE,FALSE,FALSE
,US9043111072,ISIN,UNDER ARMOUR INC CLASS A,IVV,1200809,FALSE,,22.1,USD,UAA,Equity,Consumer Discretionary,United States,9,7,7,8,6,FALSE,FALSE,FALSE,FALSE,FALSE
,US10922N1037,ISIN,BRIGHTHOUSE FINANCIAL INC,IVV,772612,FALSE,,40.88,USD,BHF,Equity,Financials,United States,2,10,9,7,2,FALSE,FALSE,FALSE,FALSE,FALSE
,US74762E1029,ISIN,QUANTA SERVICES INC,IVV,948766,FALSE,,33.4,USD,PWR,Equity,Industrials,United States,3,2,4,4,10,FALSE,FALSE,FALSE,FALSE,FALSE
,US0936711052,ISIN,H&R BLOCK INC,IVV,1315326,FALSE,,24.41,USD,HRB,Equity,Consumer Discretionary,United States,2,3,1,6,6,FALSE,FALSE,FALSE,FALSE,FALSE
,US3825501014,ISIN,GOODYEAR TIRE & RUBBER,IVV,1497933,FALSE,,21.95,USD,GT,Equity,Consumer Discretionary,United States,8,7,7,8,4,FALSE,FALSE,FALSE,FALSE,FALSE
,US29414D1000,ISIN,ENVISION HEALTHCARE CORP,IVV,770214,FALSE,,44.15,USD,EVHC,Equity,Health Care,United States,10,5,5,7,1,FALSE,FALSE,FALSE,FALSE,FALSE
,US9841216081,ISIN,XEROX CORP,IVV,1386645,FALSE,,25.18,USD,XRX,Equity,Information Technology,United States,9,6,9,2,3,FALSE,FALSE,FALSE,FALSE,FALSE
,US34354P1057,ISIN,FLOWSERVE CORP,IVV,823557,FALSE,,42.46,USD,FLS,Equity,Industrials,United States,2,1,7,1,3,FALSE,FALSE,FALSE,FALSE,FALSE
,US5770811025,ISIN,MATTEL INC,IVV,2205302,FALSE,,16.04,USD,MAT,Equity,Consumer Discretionary,United States,2,4,2,1,7,FALSE,FALSE,FALSE,FALSE,FALSE
,US8589121081,ISIN,STERICYCLE INC,IVV,533778,FALSE,,67.77,USD,SRCL,Equity,Industrials,United States,8,10,9,7,3,FALSE,FALSE,FALSE,FALSE,FALSE
,US80589M1027,ISIN,SCANA CORP,IVV,901493,FALSE,,40.2,USD,SCG,Equity,Utilities,United States,5,10,6,10,2,FALSE,FALSE,FALSE,FALSE,FALSE
,US04621X1081,ISIN,ASSURANT INC,IVV,345211,FALSE,,107.14,USD,AIZ,Equity,Financials,United States,1,4,2,6,10,FALSE,FALSE,FALSE,FALSE,FALSE
,US65249B1098,ISIN,NEWS CORP CLASS A,IVV,2403605,FALSE,,15.49,USD,NWSA,Equity,Consumer Discretionary,United States,7,6,9,2,10,FALSE,FALSE,FALSE,FALSE,FALSE
,US6512901082,ISIN,NEWFIELD EXPLORATION,IVV,1306492,FALSE,,29.33,USD,NFX,Equity,Energy,United States,5,1,10,3,2,FALSE,FALSE,FALSE,FALSE,TRUE
,US5246601075,ISIN,LEGGETT & PLATT INC,IVV,843577,FALSE,,46.04,USD,LEG,Equity,Consumer Discretionary,United States,4,10,2,7,2,FALSE,FALSE,FALSE,FALSE,FALSE
,US3448491049,ISIN,FOOT LOCKER INC,IVV,742693,FALSE,,53.1,USD,FL,Equity,Consumer Discretionary,United States,6,3,5,3,2,FALSE,FALSE,FALSE,FALSE,FALSE
,US6556641008,ISIN,NORDSTROM INC,IVV,742701,FALSE,,54.03,USD,JWN,Equity,Consumer Discretionary,United States,5,3,1,10,3,FALSE,FALSE,FALSE,FALSE,FALSE
,US5543821012,ISIN,MACERICH REIT,IVV,695693,FALSE,,58.24,USD,MAC,Equity,Real Estate,United States,9,4,7,4,5,FALSE,FALSE,FALSE,FALSE,FALSE
,US2220702037,ISIN,COTY INC CLASS A,IVV,2970608,FALSE,,13.78,USD,COTY,Equity,Consumer Staples,United States,2,9,3,4,2,FALSE,FALSE,FALSE,FALSE,FALSE
,US7127041058,ISIN,PEOPLES UNITED FINANCIAL INC,IVV,2251908,FALSE,,18.33,USD,PBCT,Equity,Financials,United States,7,7,1,2,8,FALSE,FALSE,FALSE,FALSE,FALSE
,US8969452015,ISIN,TRIPADVISOR INC,IVV,684774,FALSE,,60.68,USD,TRIP,Equity,Consumer Discretionary,United States,2,10,1,3,9,FALSE,FALSE,FALSE,FALSE,FALSE
,US03748R1014,ISIN,APARTMENT INVESTMENT AND MANAGEMEN,IVV,989030,FALSE,,42.25,USD,AIV,Equity,Real Estate,United States,2,10,8,7,7,FALSE,FALSE,FALSE,FALSE,FALSE
,US4234521015,ISIN,HELMERICH & PAYNE INC,IVV,705093,FALSE,,59.59,USD,HP,Equity,Energy,United States,2,4,10,10,3,FALSE,FALSE,FALSE,FALSE,TRUE
,US3647601083,ISIN,GAP INC,IVV,1390726,FALSE,,30.71,USD,GPS,Equity,Consumer Discretionary,United States,5,7,5,1,5,FALSE,FALSE,FALSE,FALSE,FALSE
,US4128221086,ISIN,HARLEY DAVIDSON INC,IVV,1050076,FALSE,,42.12,USD,HOG,Equity,Consumer Discretionary,United States,6,8,1,2,10,FALSE,FALSE,FALSE,FALSE,FALSE
,US81211K1007,ISIN,SEALED AIR CORP,IVV,1032675,FALSE,,43.01,USD,SEE,Equity,Materials,United States,3,2,9,3,8,FALSE,FALSE,FALSE,FALSE,FALSE
,US3434121022,ISIN,FLUOR CORP,IVV,907040,FALSE,,49.32,USD,FLR,Equity,Industrials,United States,5,4,10,3,10,FALSE,FALSE,FALSE,FALSE,FALSE
,US47233W1099,ISIN,JEFFERIES FINANCIAL GROUP INC,IVV,1953916,FALSE,,22.91,USD,JEF,Equity,Financials,United States,6,4,1,5,9,FALSE,FALSE,FALSE,FALSE,FALSE
,IE00BLS09M33,ISIN,PENTAIR,IVV,1030492,FALSE,,43.72,USD,PNR,Equity,Industrials,United States,6,10,8,9,1,FALSE,FALSE,FALSE,FALSE,FALSE
,US49446R1095,ISIN,KIMCO REALTY REIT CORP,IVV,2697944,FALSE,,16.84,USD,KIM,Equity,Real Estate,United States,2,3,4,8,4,FALSE,FALSE,FALSE,FALSE,FALSE
,US25470M1099,ISIN,DISH NETWORK CORP CLASS A,IVV,1459772,FALSE,,31.2,USD,DISH,Equity,Consumer Discretionary,United States,2,3,9,10,6,FALSE,FALSE,FALSE,FALSE,FALSE
,US3024451011,ISIN,FLIR SYSTEMS INC,IVV,866502,FALSE,,54.5,USD,FLIR,Equity,Information Technology,United States,4,5,5,10,5,FALSE,FALSE,FALSE,FALSE,FALSE
,CH0114405324,ISIN,GARMIN LTD,IVV,726815,FALSE,,65.03,USD,GRMN,Equity,Consumer Discretionary,United States,9,4,3,1,4,FALSE,FALSE,FALSE,FALSE,FALSE
,IE00BFRT3W74,ISIN,ALLEGION PLC,IVV,605394,FALSE,,78.68,USD,ALLE,Equity,Industrials,United States,5,1,9,10,6,FALSE,FALSE,FALSE,FALSE,FALSE
,US7512121010,ISIN,RALPH LAUREN CORP CLASS A,IVV,353163,FALSE,,135.18,USD,RL,Equity,Consumer Discretionary,United States,3,4,8,9,10,FALSE,FALSE,FALSE,FALSE,FALSE
,US1344291091,ISIN,CAMPBELL SOUP,IVV,1227659,FALSE,,40.95,USD,CPB,Equity,Consumer Staples,United States,2,7,2,10,8,FALSE,FALSE,FALSE,FALSE,FALSE
,US0116591092,ISIN,ALASKA AIR GROUP INC,IVV,797828,FALSE,,63.79,USD,ALK,Equity,Industrials,United States,9,6,1,5,3,FALSE,FALSE,FALSE,FALSE,FALSE
,US4103451021,ISIN,HANESBRANDS INC,IVV,2304434,FALSE,,22.2,USD,HBI,Equity,Consumer Discretionary,United States,4,10,7,5,10,FALSE,FALSE,FALSE,FALSE,FALSE
,US6402681083,ISIN,NEKTAR THERAPEUTICS,IVV,1044212,FALSE,,49.08,USD,NKTR,Equity,Health Care,United States,8,5,1,1,10,FALSE,FALSE,FALSE,FALSE,FALSE
,US0082521081,ISIN,AFFILIATED MANAGERS GROUP INC,IVV,343605,FALSE,,149.31,USD,AMG,Equity,Financials,United States,4,8,2,6,1,FALSE,FALSE,FALSE,FALSE,FALSE
,US5017971046,ISIN,L BRANDS INC,IVV,1565718,FALSE,,32.77,USD,LB,Equity,Consumer Discretionary,United States,2,6,10,7,6,FALSE,FALSE,FALSE,FALSE,FALSE
,US4698141078,ISIN,JACOBS ENGINEERING GROUP INC,IVV,768666,FALSE,,66.84,USD,JEC,Equity,Industrials,United States,5,3,7,3,5,FALSE,FALSE,FALSE,FALSE,FALSE
,US7458671010,ISIN,PULTEGROUP INC,IVV,1664716,FALSE,,31.29,USD,PHM,Equity,Consumer Discretionary,United States,1,5,3,6,1,FALSE,FALSE,FALSE,FALSE,FALSE
,US03965L1008,ISIN,ARCONIC INC,IVV,2746771,FALSE,,19.17,USD,ARNC,Equity,Industrials,United States,1,8,2,8,7,FALSE,FALSE,FALSE,FALSE,FALSE
,US34964C1062,ISIN,FORTUNE BRANDS HOME AND SECURITY I,IVV,938937,FALSE,,56.75,USD,FBHS,Equity,Industrials,United States,5,2,5,5,7,FALSE,FALSE,FALSE,FALSE,FALSE
,US91529Y1064,ISIN,UNUM,IVV,1433525,FALSE,,37.49,USD,UNM,Equity,Financials,United States,9,5,8,9,6,FALSE,FALSE,FALSE,FALSE,FALSE
,US25470F3029,ISIN,DISCOVERY INC SERIES C,IVV,2180746,FALSE,,24.7,USD,DISCK,Equity,Consumer Discretionary,United States,10,2,9,7,7,FALSE,FALSE,FALSE,FALSE,FALSE
,US4606901001,ISIN,INTERPUBLIC GROUP OF COMPANIES INC,IVV,2466356,FALSE,,21.85,USD,IPG,Equity,Consumer Discretionary,United States,1,5,3,1,8,FALSE,FALSE,FALSE,FALSE,FALSE
,US7703231032,ISIN,ROBERT HALF,IVV,795649,FALSE,,68.5,USD,RHI,Equity,Industrials,United States,10,3,4,2,1,FALSE,FALSE,FALSE,FALSE,FALSE
,US00130H1059,ISIN,AES CORP,IVV,4252729,FALSE,,13.03,USD,AES,Equity,Utilities,United States,6,3,2,10,10,FALSE,FALSE,FALSE,FALSE,FALSE
,US7140461093,ISIN,PERKINELMER INC,IVV,712555,FALSE,,78.4,USD,PKI,Equity,Health Care,United States,2,6,10,5,7,FALSE,FALSE,FALSE,FALSE,FALSE
,US8910271043,ISIN,TORCHMARK CORP,IVV,667816,FALSE,,83.97,USD,TMK,Equity,Financials,United States,7,5,9,7,1,FALSE,FALSE,FALSE,FALSE,FALSE
,US8318652091,ISIN,A O SMITH CORP,IVV,935967,FALSE,,60.06,USD,AOS,Equity,Industrials,United States,1,4,4,5,3,FALSE,FALSE,FALSE,FALSE,FALSE
,US65473P1057,ISIN,NISOURCE INC,IVV,2159051,FALSE,,26.15,USD,NI,Equity,Utilities,United States,7,2,7,3,7,FALSE,FALSE,FALSE,FALSE,FALSE
,US78440X1019,ISIN,SL GREEN REALTY REIT CORP,IVV,560441,FALSE,,101.66,USD,SLG,Equity,Real Estate,United States,2,7,5,5,2,FALSE,FALSE,FALSE,FALSE,FALSE
,US0997241064,ISIN,BORGWARNER INC,IVV,1267131,FALSE,,45.03,USD,BWA,Equity,Consumer Discretionary,United States,5,5,7,2,2,FALSE,FALSE,FALSE,TRUE,FALSE
,US44980X1090,ISIN,IPG PHOTONICS CORP,IVV,238283,FALSE,,239.86,USD,IPGP,Equity,Information Technology,United States,10,2,4,1,8,FALSE,FALSE,FALSE,FALSE,FALSE
,US7234841010,ISIN,PINNACLE WEST CORP,IVV,718853,FALSE,,80.78,USD,PNW,Equity,Utilities,United States,8,8,9,10,2,FALSE,FALSE,FALSE,FALSE,FALSE
,US7588491032,ISIN,REGENCY CENTERS REIT CORP,IVV,945903,FALSE,,61.48,USD,REG,Equity,Real Estate,United States,2,9,6,7,8,FALSE,FALSE,FALSE,FALSE,FALSE
,US0536111091,ISIN,AVERY DENNISON CORP,IVV,560564,FALSE,,103.98,USD,AVY,Equity,Materials,United States,1,3,4,1,3,FALSE,FALSE,FALSE,FALSE,FALSE
,US3137472060,ISIN,FEDERAL REALTY INVESTMENT TRUST RE,IVV,467774,FALSE,,124.79,USD,FRT,Equity,Real Estate,United States,6,10,5,7,2,FALSE,FALSE,FALSE,FALSE,FALSE
,US1717981013,ISIN,CIMAREX ENERGY,IVV,609821,FALSE,,96.41,USD,XEC,Equity,Energy,United States,9,7,2,2,10,FALSE,FALSE,FALSE,FALSE,TRUE
,US9598021098,ISIN,WESTERN UNION,IVV,2978515,FALSE,,20.29,USD,WU,Equity,Information Technology,United States,9,7,4,7,6,FALSE,FALSE,FALSE,FALSE,FALSE
,BMG3223R1088,ISIN,EVEREST RE GROUP LTD,IVV,260534,FALSE,,234.3,USD,RE,Equity,Financials,United States,4,8,7,6,9,FALSE,FALSE,FALSE,FALSE,FALSE
,US6293775085,ISIN,NRG ENERGY INC,IVV,1915806,FALSE,,32.3,USD,NRG,Equity,Utilities,United States,3,3,8,5,9,FALSE,FALSE,FALSE,FALSE,FALSE
,US8923561067,ISIN,TRACTOR SUPPLY,IVV,781915,FALSE,,79.42,USD,TSCO,Equity,Consumer Discretionary,United States,10,6,4,2,3,FALSE,FALSE,FALSE,FALSE,FALSE
,US9633201069,ISIN,WHIRLPOOL CORP,IVV,410932,FALSE,,152.35,USD,WHR,Equity,Consumer Discretionary,United States,1,10,1,1,7,FALSE,FALSE,FALSE,FALSE,FALSE
,IE00BGH1M568,ISIN,PERRIGO PLC,IVV,825955,FALSE,,75.83,USD,PRGO,Equity,Health Care,United States,8,8,6,2,4,FALSE,FALSE,FALSE,FALSE,FALSE
,US9139031002,ISIN,UNIVERSAL HEALTH SERVICES INC CLAS,IVV,555792,FALSE,,112.77,USD,UHS,Equity,Health Care,United States,8,2,5,9,1,FALSE,FALSE,FALSE,FALSE,FALSE
,US48203R1041,ISIN,JUNIPER NETWORKS INC,IVV,2250069,FALSE,,28.06,USD,JNPR,Equity,Information Technology,United States,4,8,6,5,10,FALSE,FALSE,FALSE,FALSE,FALSE
,US1252691001,ISIN,CF INDUSTRIES HOLDINGS INC,IVV,1480387,FALSE,,42.8,USD,CF,Equity,Materials,United States,6,4,6,2,10,FALSE,FALSE,FALSE,FALSE,FALSE
,US23918K1088,ISIN,DAVITA INC,IVV,899632,FALSE,,70.57,USD,DVA,Equity,Health Care,United States,7,6,10,1,4,FALSE,FALSE,FALSE,FALSE,FALSE
,US8330341012,ISIN,SNAP ON INC,IVV,366487,FALSE,,173.29,USD,SNA,Equity,Industrials,United States,7,2,1,1,1,FALSE,FALSE,FALSE,FALSE,FALSE
,US46284V1017,ISIN,IRON MOUNTAIN INC,IVV,1794414,FALSE,,35.42,USD,IRM,Equity,Real Estate,United States,9,3,1,6,7,FALSE,FALSE,FALSE,FALSE,FALSE
,US61945C1036,ISIN,MOSAIC,IVV,2259302,FALSE,,28.2,USD,MOS,Equity,Materials,United States,4,3,6,10,3,FALSE,FALSE,FALSE,FALSE,FALSE
,US92553P2011,ISIN,VIACOM INC CLASS B,IVV,2277181,FALSE,,28,USD,VIAB,Equity,Consumer Discretionary,United States,8,4,5,4,2,FALSE,FALSE,FALSE,FALSE,FALSE
,US4464131063,ISIN,HUNTINGTON INGALLS INDUSTRIES INC,IVV,281522,FALSE,,227.39,USD,HII,Equity,Industrials,United States,7,10,8,1,9,FALSE,FALSE,FALSE,TRUE,FALSE
,US9026531049,ISIN,UDR REIT INC,IVV,1718570,FALSE,,37.49,USD,UDR,Equity,Real Estate,United States,10,5,6,7,2,FALSE,FALSE,FALSE,FALSE,FALSE
,US2644115055,ISIN,DUKE REALTY REIT CORP,IVV,2261019,FALSE,,28.54,USD,DRE,Equity,Real Estate,United States,5,7,8,8,8,FALSE,FALSE,FALSE,FALSE,FALSE
,US0188021085,ISIN,ALLIANT ENERGY CORP,IVV,1506135,FALSE,,42.96,USD,LNT,Equity,Utilities,United States,7,8,4,4,6,FALSE,FALSE,FALSE,FALSE,FALSE
,US4404521001,ISIN,HORMEL FOODS CORP,IVV,1748776,FALSE,,37.1,USD,HRL,Equity,Consumer Staples,United States,3,7,9,5,1,FALSE,FALSE,FALSE,FALSE,FALSE
,VGG607541015,ISIN,MICHAEL KORS HOLDINGS LTD,IVV,962630,FALSE,,67.95,USD,KORS,Equity,Consumer Discretionary,United States,5,5,8,7,7,FALSE,FALSE,FALSE,FALSE,FALSE
,US24906P1093,ISIN,DENTSPLY SIRONA INC,IVV,1447078,FALSE,,45.34,USD,XRAY,Equity,Health Care,United States,3,1,3,9,5,FALSE,FALSE,FALSE,FALSE,FALSE
,GB00BWFY5505,ISIN,NIELSEN HOLDINGS PLC,IVV,2157571,FALSE,,30.56,USD,NLSN,Equity,Industrials,United States,4,4,6,1,3,FALSE,FALSE,FALSE,FALSE,FALSE
,US3546131018,ISIN,FRANKLIN RESOURCES INC,IVV,2053980,FALSE,,32.27,USD,BEN,Equity,Financials,United States,7,8,10,8,10,FALSE,FALSE,FALSE,FALSE,FALSE
,US1720621010,ISIN,CINCINNATI FINANCIAL CORP,IVV,945534,FALSE,,70.26,USD,CINF,Equity,Financials,United States,10,5,4,3,2,FALSE,FALSE,FALSE,FALSE,FALSE
,US4595061015,ISIN,INTERNATIONAL FLAVORS & FRAGRANCES,IVV,512708,FALSE,,129.9,USD,IFF,Equity,Materials,United States,10,1,10,2,8,FALSE,FALSE,FALSE,FALSE,FALSE
,US3156161024,ISIN,F5 NETWORKS INC,IVV,388345,FALSE,,171.69,USD,FFIV,Equity,Information Technology,United States,3,9,8,7,1,FALSE,FALSE,FALSE,FALSE,FALSE
,BMG667211046,ISIN,NORWEGIAN CRUISE LINE HOLDINGS LTD,IVV,1340670,FALSE,,49.85,USD,NCLH,Equity,Consumer Discretionary,United States,1,7,2,7,1,FALSE,FALSE,FALSE,FALSE,FALSE
,US9897011071,ISIN,ZIONS BANCORPORATION,IVV,1265672,FALSE,,53.2,USD,ZION,Equity,Financials,United States,3,8,10,7,3,FALSE,FALSE,FALSE,FALSE,FALSE
,US4456581077,ISIN,JB HUNT TRANSPORT SERVICES INC,IVV,553858,FALSE,,121.58,USD,JBHT,Equity,Industrials,United States,1,9,2,9,6,FALSE,FALSE,FALSE,FALSE,FALSE
,US0126531013,ISIN,ALBEMARLE CORP,IVV,701170,FALSE,,96.21,USD,ALB,Equity,Materials,United States,10,2,10,10,6,FALSE,FALSE,FALSE,FALSE,FALSE
,BMG491BT1088,ISIN,INVESCO LTD,IVV,2628264,FALSE,,25.69,USD,IVZ,Equity,Financials,United States,7,8,3,9,2,FALSE,FALSE,FALSE,FALSE,FALSE
,US5018892084,ISIN,LKQ CORP,IVV,1977988,FALSE,,34.19,USD,LKQ,Equity,Consumer Discretionary,United States,7,7,1,7,6,FALSE,FALSE,FALSE,FALSE,FALSE
,US00751Y1064,ISIN,ADVANCE AUTO PARTS INC,IVV,475439,FALSE,,143.37,USD,AAP,Equity,Consumer Discretionary,United States,6,6,2,8,3,FALSE,FALSE,FALSE,FALSE,FALSE
,US4180561072,ISIN,HASBRO INC,IVV,727941,FALSE,,93.69,USD,HAS,Equity,Consumer Discretionary,United States,3,10,1,10,6,FALSE,FALSE,FALSE,FALSE,FALSE
,US92220P1057,ISIN,VARIAN MEDICAL SYSTEMS INC,IVV,590520,FALSE,,116.2,USD,VAR,Equity,Health Care,United States,6,4,8,8,8,FALSE,FALSE,FALSE,FALSE,FALSE
,US74736K1016,ISIN,QUORVO INC,IVV,821418,FALSE,,83.76,USD,QRVO,Equity,Information Technology,United States,1,6,10,7,6,FALSE,FALSE,FALSE,FALSE,FALSE
,US0185811082,ISIN,ALLIANCE DATA SYSTEMS CORP,IVV,307988,FALSE,,227.19,USD,ADS,Equity,Information Technology,United States,8,10,3,10,6,FALSE,FALSE,FALSE,FALSE,FALSE
,US6311031081,ISIN,NASDAQ INC,IVV,744665,FALSE,,95,USD,NDAQ,Equity,Financials,United States,1,1,4,2,7,FALSE,FALSE,FALSE,FALSE,FALSE
,US1696561059,ISIN,CHIPOTLE MEXICAN GRILL INC,IVV,155781,FALSE,,454.83,USD,CMG,Equity,Consumer Discretionary,United States,4,8,2,6,1,FALSE,FALSE,FALSE,FALSE,FALSE
,US1270971039,ISIN,CABOT OIL & GAS CORP,IVV,2905844,FALSE,,24.42,USD,COG,Equity,Energy,United States,7,10,5,3,6,FALSE,FALSE,FALSE,FALSE,TRUE
,US6951561090,ISIN,PACKAGING CORP OF AMERICA CORP,IVV,610583,FALSE,,116.29,USD,PKG,Equity,Materials,United States,7,8,6,9,8,FALSE,FALSE,FALSE,FALSE,FALSE
,US4851703029,ISIN,KANSAS CITY SOUTHERN,IVV,655688,FALSE,,108.45,USD,KSU,Equity,Industrials,United States,7,3,9,4,4,FALSE,FALSE,FALSE,FALSE,FALSE
,US4364401012,ISIN,HOLOGIC INC,IVV,1744588,FALSE,,41.32,USD,HOLX,Equity,Health Care,United States,4,10,8,7,4,FALSE,FALSE,FALSE,FALSE,FALSE
,US59522J1034,ISIN,MID AMERICA APARTMENT COMMUNITIES,IVV,729812,FALSE,,99.52,USD,MAA,Equity,Real Estate,United States,5,6,1,5,10,FALSE,FALSE,FALSE,FALSE,FALSE
,US8064071025,ISIN,HENRY SCHEIN INC,IVV,986401,FALSE,,74.78,USD,HSIC,Equity,Health Care,United States,6,1,4,1,7,FALSE,FALSE,FALSE,FALSE,FALSE
,US3024913036,ISIN,FMC CORP,IVV,861247,FALSE,,86.61,USD,FMC,Equity,Materials,United States,2,2,8,7,2,FALSE,FALSE,FALSE,FALSE,FALSE
,US12503M1080,ISIN,CBOE GLOBAL MARKETS INC,IVV,719574,FALSE,,104.76,USD,CBOE,Equity,Financials,United States,7,8,9,5,5,FALSE,FALSE,FALSE,FALSE,FALSE
,US6936561009,ISIN,PVH CORP,IVV,494425,FALSE,,153.55,USD,PVH,Equity,Consumer Discretionary,United States,4,2,4,2,5,FALSE,FALSE,FALSE,FALSE,FALSE
,US60871R2094,ISIN,MOLSON COORS BREWING CLASS B,IVV,1190936,FALSE,,63.87,USD,TAP,Equity,Consumer Staples,United States,6,7,9,5,2,FALSE,TRUE,FALSE,FALSE,FALSE
,US55616P1049,ISIN,MACYS INC,IVV,1955852,FALSE,,38.96,USD,M,Equity,Consumer Discretionary,United States,4,3,1,10,6,FALSE,FALSE,FALSE,FALSE,FALSE
,US2172041061,ISIN,COPART INC,IVV,1295055,FALSE,,59.13,USD,CPRT,Equity,Industrials,United States,6,2,7,1,4,FALSE,FALSE,FALSE,FALSE,FALSE
,US30225T1025,ISIN,EXTRA SPACE STORAGE REIT INC,IVV,811943,FALSE,,95.12,USD,EXR,Equity,Real Estate,United States,9,3,2,7,5,FALSE,FALSE,FALSE,FALSE,FALSE
,US15189T1079,ISIN,CENTERPOINT ENERGY INC,IVV,2770958,FALSE,,28.02,USD,CNP,Equity,Utilities,United States,5,8,8,5,5,FALSE,FALSE,FALSE,FALSE,FALSE
,US2166484020,ISIN,COOPER INC,IVV,314664,FALSE,,247.99,USD,COO,Equity,Health Care,United States,5,3,9,3,6,FALSE,FALSE,FALSE,FALSE,FALSE
,US40414L1098,ISIN,HCP REIT INC,IVV,2999814,FALSE,,26.02,USD,HCP,Equity,Real Estate,United States,7,2,3,1,8,FALSE,FALSE,FALSE,FALSE,FALSE
,US5745991068,ISIN,MASCO CORP,IVV,2003094,FALSE,,38.98,USD,MAS,Equity,Industrials,United States,8,1,5,5,10,FALSE,FALSE,FALSE,FALSE,FALSE
,US2600031080,ISIN,DOVER CORP,IVV,1000031,FALSE,,78.12,USD,DOV,Equity,Industrials,United States,2,10,6,7,6,FALSE,FALSE,FALSE,FALSE,FALSE
,US45337C1027,ISIN,INCYTE CORP,IVV,1122141,FALSE,,70.11,USD,INCY,Equity,Health Care,United States,7,4,8,1,5,FALSE,FALSE,FALSE,FALSE,FALSE
,US7547301090,ISIN,RAYMOND JAMES INC,IVV,830701,FALSE,,94.72,USD,RJF,Equity,Financials,United States,4,8,2,10,5,FALSE,FALSE,FALSE,FALSE,FALSE
,US98419M1009,ISIN,XYLEM INC,IVV,1153718,FALSE,,68.58,USD,XYL,Equity,Industrials,United States,4,2,3,8,1,FALSE,FALSE,FALSE,FALSE,FALSE
,US8326964058,ISIN,JM SMUCKER,IVV,724980,FALSE,,109.57,USD,SJM,Equity,Consumer Staples,United States,3,9,7,4,8,FALSE,FALSE,FALSE,FALSE,FALSE
,US5002551043,ISIN,KOHLS CORP,IVV,1072809,FALSE,,74.43,USD,KSS,Equity,Consumer Discretionary,United States,4,3,5,2,9,FALSE,FALSE,FALSE,FALSE,FALSE
,US12541W2098,ISIN,CH ROBINSON WORLDWIDE INC,IVV,900157,FALSE,,89.59,USD,CHRW,Equity,Industrials,United States,9,3,5,6,4,FALSE,FALSE,FALSE,FALSE,FALSE
,US9290421091,ISIN,VORNADO REALTY TRUST REIT TRUST,IVV,1116587,FALSE,,72.96,USD,VNO,Equity,Real Estate,United States,7,9,1,8,7,FALSE,FALSE,FALSE,FALSE,FALSE
,US3021301094,ISIN,EXPEDITORS INTERNATIONAL OF WASHIN,IVV,1117907,FALSE,,73.06,USD,EXPD,Equity,Industrials,United States,3,8,3,8,2,FALSE,FALSE,FALSE,FALSE,FALSE
,US4361061082,ISIN,HOLLYFRONTIER CORP,IVV,1137591,FALSE,,71.81,USD,HFC,Equity,Energy,United States,4,1,3,4,1,FALSE,FALSE,FALSE,FALSE,TRUE
,US3635761097,ISIN,ARTHUR J GALLAGHER,IVV,1164186,FALSE,,70.3,USD,AJG,Equity,Financials,United States,8,4,10,3,5,FALSE,FALSE,FALSE,FALSE,FALSE
,US3666511072,ISIN,GARTNER INC,IVV,589877,FALSE,,139.63,USD,IT,Equity,Information Technology,United States,10,3,8,5,8,FALSE,FALSE,FALSE,FALSE,FALSE
,US1273871087,ISIN,CADENCE DESIGN SYSTEMS INC,IVV,1822968,FALSE,,45.23,USD,CDNS,Equity,Information Technology,United States,8,7,6,7,10,FALSE,FALSE,FALSE,FALSE,FALSE
,US4278661081,ISIN,HERSHEY FOODS,IVV,897352,FALSE,,92.23,USD,HSY,Equity,Consumer Staples,United States,9,6,3,10,9,FALSE,FALSE,FALSE,FALSE,FALSE
,US5404241086,ISIN,LOEWS CORP,IVV,1687409,FALSE,,49.39,USD,L,Equity,Financials,United States,3,1,6,1,6,FALSE,FALSE,FALSE,FALSE,FALSE
,US9113631090,ISIN,UNITED RENTALS INC,IVV,534871,FALSE,,156.57,USD,URI,Equity,Industrials,United States,9,3,2,9,4,FALSE,FALSE,FALSE,FALSE,FALSE
,US6512291062,ISIN,NEWELL BRANDS INC,IVV,3138083,FALSE,,26.77,USD,NWL,Equity,Consumer Discretionary,United States,2,9,3,5,9,FALSE,FALSE,FALSE,FALSE,FALSE
,US0152711091,ISIN,ALEXANDRIA REAL ESTATE EQUITIES RE,IVV,663663,FALSE,,126.92,USD,ARE,Equity,Real Estate,United States,4,1,7,10,3,FALSE,FALSE,FALSE,FALSE,FALSE
,GB00BDSFG982,ISIN,TECHNIPFMC PLC,IVV,2801428,FALSE,,30.1,USD,FTI,Equity,Energy,United States,7,10,10,9,3,FALSE,FALSE,FALSE,FALSE,TRUE
,US36174X1019,ISIN,GGP INC,IVV,4062225,FALSE,,20.79,USD,GGP,Equity,Real Estate,United States,10,7,10,9,9,FALSE,FALSE,FALSE,FALSE,FALSE
,US8715031089,ISIN,SYMANTEC CORP,IVV,3970076,FALSE,,21.29,USD,SYMC,Equity,Information Technology,United States,6,6,3,4,4,FALSE,FALSE,FALSE,FALSE,FALSE
,US0584981064,ISIN,BALL CORP,IVV,2228167,FALSE,,38.27,USD,BLL,Equity,Materials,United States,9,2,4,4,8,FALSE,FALSE,FALSE,FALSE,FALSE
,US05722G1004,ISIN,BAKER HUGHES CLASS A,IVV,2683525,FALSE,,31.78,USD,BHGE,Equity,Energy,United States,6,7,2,7,8,FALSE,FALSE,FALSE,FALSE,TRUE
,US1713401024,ISIN,CHURCH AND DWIGHT INC,IVV,1581894,FALSE,,54.14,USD,CHD,Equity,Consumer Staples,United States,7,7,7,2,9,FALSE,FALSE,FALSE,FALSE,FALSE
,US00971T1016,ISIN,AKAMAI TECHNOLOGIES INC,IVV,1095169,FALSE,,78.24,USD,AKAM,Equity,Information Technology,United States,8,1,7,2,9,FALSE,FALSE,FALSE,FALSE,FALSE
,US1258961002,ISIN,CMS ENERGY CORP,IVV,1824145,FALSE,,47.86,USD,CMS,Equity,Utilities,United States,10,6,3,10,3,FALSE,FALSE,FALSE,FALSE,FALSE
,US8716071076,ISIN,SYNOPSYS INC,IVV,956661,FALSE,,91.77,USD,SNPS,Equity,Information Technology,United States,10,2,2,2,7,FALSE,FALSE,FALSE,FALSE,FALSE
,US0079031078,ISIN,ADVANCED MICRO DEVICES INC,IVV,5276088,FALSE,,16.71,USD,AMD,Equity,Information Technology,United States,8,4,9,6,6,FALSE,FALSE,FALSE,FALSE,FALSE
,US9831341071,ISIN,WYNN RESORTS LTD,IVV,540172,FALSE,,163.57,USD,WYNN,Equity,Consumer Discretionary,United States,4,6,9,1,1,FALSE,FALSE,TRUE,FALSE,FALSE
,US8865471085,ISIN,TIFFANY,IVV,650843,FALSE,,136.11,USD,TIF,Equity,Consumer Discretionary,United States,1,7,7,9,4,FALSE,FALSE,FALSE,FALSE,FALSE
,US1431301027,ISIN,CARMAX INC,IVV,1141295,FALSE,,77.7,USD,KMX,Equity,Consumer Discretionary,United States,10,3,3,5,4,FALSE,FALSE,FALSE,FALSE,FALSE
,US1156372096,ISIN,BROWN FORMAN CORP CLASS B,IVV,1696382,FALSE,,52.34,USD,BFB,Equity,Consumer Staples,United States,2,6,1,8,4,FALSE,FALSE,FALSE,FALSE,FALSE
,US2371941053,ISIN,DARDEN RESTAURANTS INC,IVV,794745,FALSE,,111.81,USD,DRI,Equity,Consumer Discretionary,United States,1,6,8,10,6,FALSE,FALSE,FALSE,FALSE,FALSE
,US12673P1057,ISIN,CA INC,IVV,2020589,FALSE,,43.99,USD,CA,Equity,Information Technology,United States,7,4,4,2,3,FALSE,FALSE,FALSE,FALSE,FALSE
,US8760301072,ISIN,TAPESTRY INC,IVV,1854798,FALSE,,48.02,USD,TPR,Equity,Consumer Discretionary,United States,4,7,6,1,2,FALSE,FALSE,FALSE,FALSE,FALSE
,US03073E1055,ISIN,AMERISOURCEBERGEN CORP,IVV,1050065,FALSE,,85.56,USD,ABC,Equity,Health Care,United States,4,8,7,7,10,FALSE,FALSE,FALSE,FALSE,FALSE
,US11133T1034,ISIN,BROADRIDGE FINANCIAL SOLUTIONS INC,IVV,759851,FALSE,,118.69,USD,BR,Equity,Information Technology,United States,7,4,5,10,1,FALSE,FALSE,FALSE,FALSE,FALSE
,US1773761002,ISIN,CITRIX SYSTEMS INC,IVV,825068,FALSE,,109.69,USD,CTXS,Equity,Information Technology,United States,10,2,2,2,7,FALSE,FALSE,FALSE,FALSE,FALSE
,US26884L1098,ISIN,EQT CORP,IVV,1625368,FALSE,,55.69,USD,EQT,Equity,Energy,United States,9,10,3,10,1,FALSE,FALSE,FALSE,FALSE,TRUE
,US92343E1029,ISIN,VERISIGN INC,IVV,613263,FALSE,,148.08,USD,VRSN,Equity,Information Technology,United States,9,9,7,3,10,FALSE,FALSE,FALSE,FALSE,FALSE
,US3724601055,ISIN,GENUINE PARTS,IVV,935598,FALSE,,97.3,USD,GPC,Equity,Consumer Discretionary,United States,8,9,6,5,6,FALSE,FALSE,FALSE,FALSE,FALSE
,US5341871094,ISIN,LINCOLN NATIONAL CORP,IVV,1409422,FALSE,,64.82,USD,LNC,Equity,Financials,United States,4,8,1,2,5,FALSE,FALSE,FALSE,FALSE,FALSE
,US2058871029,ISIN,CONAGRA BRANDS INC,IVV,2523369,FALSE,,36.28,USD,CAG,Equity,Consumer Staples,United States,8,5,2,6,5,FALSE,FALSE,FALSE,FALSE,FALSE
,US6081901042,ISIN,MOHAWK INDUSTRIES INC,IVV,410885,FALSE,,223.25,USD,MHK,Equity,Consumer Discretionary,United States,10,3,3,10,6,FALSE,FALSE,FALSE,FALSE,FALSE
,US5732841060,ISIN,MARTIN MARIETTA MATERIALS INC,IVV,406128,FALSE,,225.87,USD,MLM,Equity,Materials,United States,7,5,5,5,8,FALSE,FALSE,FALSE,FALSE,FALSE
,US5797802064,ISIN,MCCORMICK & CO NON-VOTING INC,IVV,776825,FALSE,,118.12,USD,MKC,Equity,Consumer Staples,United States,6,6,8,7,7,FALSE,FALSE,FALSE,FALSE,FALSE
,US2774321002,ISIN,EASTMAN CHEMICAL,IVV,912564,FALSE,,100.72,USD,EMN,Equity,Materials,United States,9,10,9,1,3,FALSE,FALSE,FALSE,FALSE,FALSE
,BMG982941046,ISIN,XL GROUP LTD,IVV,1648439,FALSE,,56.29,USD,XL,Equity,Financials,United States,4,4,7,9,8,FALSE,FALSE,FALSE,FALSE,FALSE
,US74251V1026,ISIN,PRINCIPAL FINANCIAL GROUP INC,IVV,1703371,FALSE,,54.54,USD,PFG,Equity,Financials,United States,2,7,9,9,6,FALSE,FALSE,FALSE,FALSE,FALSE
,US8740541094,ISIN,TAKE TWO INTERACTIVE SOFTWARE INC,IVV,735955,FALSE,,127.41,USD,TTWO,Equity,Information Technology,United States,6,4,1,6,3,FALSE,FALSE,FALSE,FALSE,FALSE
,US29364G1031,ISIN,ENTERGY CORP,IVV,1166988,FALSE,,81,USD,ETR,Equity,Utilities,United States,10,2,8,9,2,FALSE,FALSE,FALSE,FALSE,FALSE
,US8919061098,ISIN,TOTAL SYSTEM SERVICES INC,IVV,1064564,FALSE,,89.39,USD,TSS,Equity,Information Technology,United States,10,7,3,5,4,FALSE,FALSE,FALSE,FALSE,FALSE
,US90384S3031,ISIN,ULTA BEAUTY INC,IVV,369793,FALSE,,257.41,USD,ULTA,Equity,Consumer Discretionary,United States,6,3,9,4,3,FALSE,FALSE,FALSE,FALSE,FALSE
,US23331A1097,ISIN,D R HORTON INC,IVV,2204110,FALSE,,43.28,USD,DHI,Equity,Consumer Discretionary,United States,3,4,5,3,5,FALSE,FALSE,FALSE,FALSE,FALSE
,US96145D1054,ISIN,WESTROCK,IVV,1654424,FALSE,,57.79,USD,WRK,Equity,Materials,United States,7,5,6,7,10,FALSE,FALSE,FALSE,FALSE,FALSE
,US0236081024,ISIN,AMEREN CORP,IVV,1556032,FALSE,,61.71,USD,AEE,Equity,Utilities,United States,9,7,10,6,3,FALSE,FALSE,FALSE,FALSE,FALSE
,US5260571048,ISIN,LENNAR A CORP,IVV,1755348,FALSE,,55.14,USD,LEN,Equity,Consumer Discretionary,United States,2,6,9,5,2,FALSE,FALSE,FALSE,FALSE,FALSE
,US12504L1098,ISIN,CBRE GROUP INC CLASS A,IVV,1953772,FALSE,,49.66,USD,CBRE,Equity,Real Estate,United States,1,10,8,8,4,FALSE,FALSE,FALSE,FALSE,FALSE
,US2944291051,ISIN,EQUIFAX INC,IVV,776160,FALSE,,125.86,USD,EFX,Equity,Industrials,United States,7,8,4,7,10,FALSE,FALSE,FALSE,FALSE,FALSE
,US14149Y1082,ISIN,CARDINAL HEALTH INC,IVV,1994861,FALSE,,49,USD,CAH,Equity,Health Care,United States,9,7,8,4,4,FALSE,FALSE,FALSE,FALSE,FALSE
,US03662Q1058,ISIN,ANSYS INC,IVV,542949,FALSE,,180.35,USD,ANSS,Equity,Information Technology,United States,9,1,10,5,3,FALSE,FALSE,FALSE,FALSE,FALSE
,US7607591002,ISIN,REPUBLIC SERVICES INC,IVV,1429486,FALSE,,68.56,USD,RSG,Equity,Industrials,United States,7,10,7,10,1,FALSE,FALSE,FALSE,FALSE,FALSE
,US5926881054,ISIN,METTLER TOLEDO INC,IVV,163897,FALSE,,598.11,USD,MTD,Equity,Health Care,United States,10,3,9,10,5,FALSE,FALSE,FALSE,FALSE,FALSE
,US55354G1004,ISIN,MSCI INC,IVV,574330,FALSE,,170.69,USD,MSCI,Equity,Financials,United States,8,6,7,4,4,FALSE,FALSE,FALSE,FALSE,FALSE
,US5529531015,ISIN,MGM RESORTS INTERNATIONAL,IVV,3200155,FALSE,,30.82,USD,MGM,Equity,Consumer Discretionary,United States,9,4,1,5,9,FALSE,FALSE,TRUE,FALSE,FALSE
,US30034W1062,ISIN,EVERGY INC,IVV,1760016,FALSE,,56.15,USD,EVRG,Equity,Utilities,United States,10,6,7,5,7,FALSE,FALSE,FALSE,FALSE,FALSE
,US9418481035,ISIN,WATER CORP CORP,IVV,500494,FALSE,,197.64,USD,WAT,Equity,Health Care,United States,5,9,9,7,5,FALSE,FALSE,FALSE,FALSE,FALSE
,US2971781057,ISIN,ESSEX PROPERTY TRUST REIT INC TRUS,IVV,426125,FALSE,,232.54,USD,ESS,Equity,Real Estate,United States,1,4,7,2,2,FALSE,FALSE,FALSE,FALSE,FALSE
,US7611521078,ISIN,RESMED INC,IVV,916656,FALSE,,108.81,USD,RMD,Equity,Health Care,United States,7,1,5,8,3,FALSE,FALSE,FALSE,FALSE,FALSE
,US30212P3038,ISIN,EXPEDIA GROUP INC,IVV,781082,FALSE,,127.81,USD,EXPE,Equity,Consumer Discretionary,United States,6,1,5,4,5,FALSE,FALSE,FALSE,FALSE,FALSE
,US74834L1008,ISIN,QUEST DIAGNOSTICS INC,IVV,876271,FALSE,,114.99,USD,DGX,Equity,Health Care,United States,8,3,3,3,2,FALSE,FALSE,FALSE,FALSE,FALSE
,US0304201033,ISIN,AMERICAN WATER WORKS INC,IVV,1140403,FALSE,,88.53,USD,AWK,Equity,Utilities,United States,4,3,2,8,9,FALSE,FALSE,FALSE,FALSE,FALSE
,US6819191064,ISIN,OMNICOM GROUP INC,IVV,1450409,FALSE,,69.61,USD,OMC,Equity,Consumer Discretionary,United States,8,7,1,6,9,FALSE,FALSE,FALSE,FALSE,FALSE
,US02376R1023,ISIN,AMERICAN AIRLINES GROUP INC,IVV,2663839,FALSE,,38.13,USD,AAL,Equity,Industrials,United States,8,8,4,5,1,FALSE,FALSE,FALSE,FALSE,FALSE
,US7561091049,ISIN,REALTY INCOME REIT CORP,IVV,1834711,FALSE,,55.81,USD,O,Equity,Real Estate,United States,9,10,4,9,7,FALSE,FALSE,FALSE,FALSE,FALSE
,US44107P1049,ISIN,HOST HOTELS & RESORTS REIT INC,IVV,4796345,FALSE,,21.47,USD,HST,Equity,Real Estate,United States,8,1,5,2,7,FALSE,FALSE,TRUE,FALSE,FALSE
,US5024131071,ISIN,L3 TECHNOLOGIES INC,IVV,504004,FALSE,,204.45,USD,LLL,Equity,Industrials,United States,5,9,10,8,2,FALSE,FALSE,FALSE,TRUE,FALSE
,US2003401070,ISIN,COMERICA INC,IVV,1101855,FALSE,,93.57,USD,CMA,Equity,Financials,United States,1,5,6,10,8,FALSE,FALSE,FALSE,FALSE,FALSE
,US3379321074,ISIN,FIRSTENERGY CORP,IVV,2900555,FALSE,,35.64,USD,FE,Equity,Utilities,United States,3,1,4,10,5,FALSE,FALSE,FALSE,FALSE,FALSE
,US2692464017,ISIN,E TRADE FINANCIAL CORP,IVV,1698634,FALSE,,61.21,USD,ETFC,Equity,Financials,United States,10,5,10,3,8,FALSE,FALSE,FALSE,FALSE,FALSE
,US78486Q1013,ISIN,SVB FINANCIAL GROUP,IVV,340208,FALSE,,307.02,USD,SIVB,Equity,Financials,United States,4,2,3,9,6,FALSE,FALSE,FALSE,FALSE,FALSE
,US3119001044,ISIN,FASTENAL,IVV,1843680,FALSE,,56.82,USD,FAST,Equity,Industrials,United States,9,7,8,9,1,FALSE,FALSE,FALSE,FALSE,FALSE
,IE00B58JVZ52,ISIN,SEAGATE TECHNOLOGY PLC,IVV,1837744,FALSE,,57.18,USD,STX,Equity,Information Technology,United States,5,1,3,3,10,FALSE,FALSE,FALSE,FALSE,FALSE
,US6370711011,ISIN,NATIONAL OILWELL VARCO INC,IVV,2453391,FALSE,,43.19,USD,NOV,Equity,Energy,United States,2,9,1,5,7,FALSE,FALSE,FALSE,FALSE,TRUE
,US9291601097,ISIN,VULCAN MATERIALS,IVV,848908,FALSE,,124.93,USD,VMC,Equity,Materials,United States,6,5,6,1,2,FALSE,FALSE,FALSE,FALSE,FALSE
,US4461501045,ISIN,HUNTINGTON BANCSHARES INC,IVV,7136521,FALSE,,15,USD,HBAN,Equity,Financials,United States,4,5,5,1,2,FALSE,FALSE,FALSE,FALSE,FALSE
,US1890541097,ISIN,CLOROX,IVV,826866,FALSE,,130.34,USD,CLX,Equity,Consumer Staples,United States,1,4,4,7,5,FALSE,FALSE,FALSE,FALSE,FALSE
,US6550441058,ISIN,NOBLE ENERGY INC,IVV,3112708,FALSE,,34.75,USD,NBL,Equity,Energy,United States,2,2,6,1,10,FALSE,FALSE,FALSE,FALSE,TRUE
,US1729081059,ISIN,CINTAS CORP,IVV,558804,FALSE,,193.68,USD,CTAS,Equity,Industrials,United States,6,1,1,9,6,FALSE,FALSE,FALSE,FALSE,FALSE
,US4824801009,ISIN,KLA TENCOR CORP,IVV,998394,FALSE,,108.49,USD,KLAC,Equity,Information Technology,United States,4,1,1,2,1,FALSE,FALSE,FALSE,FALSE,FALSE
,US42809H1077,ISIN,HESS CORP,IVV,1685401,FALSE,,64.5,USD,HES,Equity,Energy,United States,8,2,7,8,5,FALSE,FALSE,FALSE,FALSE,TRUE
,US0311001004,ISIN,AMETEK INC,IVV,1481682,FALSE,,73.64,USD,AME,Equity,Industrials,United States,7,5,10,8,7,FALSE,FALSE,FALSE,FALSE,FALSE
,US0374111054,ISIN,APACHE CORP,IVV,2454246,FALSE,,44.55,USD,APA,Equity,Energy,United States,4,8,7,4,1,FALSE,FALSE,FALSE,FALSE,TRUE
,US8832031012,ISIN,TEXTRON INC,IVV,1649638,FALSE,,66.99,USD,TXT,Equity,Industrials,United States,8,5,8,7,3,FALSE,FALSE,FALSE,TRUE,FALSE
,US3848021040,ISIN,WW GRAINGER INC,IVV,326819,FALSE,,341.45,USD,GWW,Equity,Industrials,United States,8,3,5,4,3,FALSE,FALSE,FALSE,FALSE,FALSE
,US4878361082,ISIN,KELLOGG,IVV,1607946,FALSE,,69.6,USD,K,Equity,Consumer Staples,United States,10,2,3,9,8,FALSE,FALSE,FALSE,FALSE,FALSE
,US9839191015,ISIN,XILINX INC,IVV,1634809,FALSE,,68.65,USD,XLNX,Equity,Information Technology,United States,5,9,4,1,2,FALSE,FALSE,FALSE,FALSE,FALSE
,US92345Y1064,ISIN,VERISK ANALYTICS INC,IVV,1004612,FALSE,,112.25,USD,VRSK,Equity,Industrials,United States,1,3,8,5,8,FALSE,FALSE,FALSE,FALSE,FALSE
,US5658491064,ISIN,MARATHON OIL CORP,IVV,5498282,FALSE,,20.54,USD,MRO,Equity,Energy,United States,9,9,7,2,6,FALSE,FALSE,FALSE,FALSE,TRUE
,US8936411003,ISIN,TRANSDIGM GROUP INC,IVV,311265,FALSE,,362.91,USD,TDG,Equity,Industrials,United States,8,1,2,3,3,FALSE,FALSE,FALSE,FALSE,FALSE
,US4138751056,ISIN,HARRIS CORP,IVV,761730,FALSE,,150.53,USD,HRS,Equity,Industrials,United States,8,3,10,6,9,FALSE,FALSE,FALSE,TRUE,FALSE
,US46266C1053,ISIN,IQVIA HOLDINGS INC,IVV,1044044,FALSE,,110.25,USD,IQV,Equity,Health Care,United States,10,10,8,7,2,FALSE,FALSE,FALSE,FALSE,FALSE
,US0036541003,ISIN,ABIOMED INC,IVV,272304,FALSE,,425.99,USD,ABMD,Equity,Health Care,United States,7,7,9,7,1,FALSE,FALSE,FALSE,FALSE,FALSE
,NL0011031208,ISIN,MYLAN NV,IVV,3325483,FALSE,,35.64,USD,MYL,Equity,Health Care,United States,7,6,8,6,3,FALSE,FALSE,FALSE,FALSE,FALSE
,US37940X1028,ISIN,GLOBAL PAYMENTS INC,IVV,1019068,FALSE,,117.08,USD,GPN,Equity,Information Technology,United States,7,3,2,6,4,FALSE,FALSE,FALSE,FALSE,FALSE
,US30040W1080,ISIN,EVERSOURCE ENERGY,IVV,2024129,FALSE,,59.16,USD,ES,Equity,Utilities,United States,4,4,7,8,6,FALSE,FALSE,FALSE,FALSE,FALSE
,US83088M1027,ISIN,SKYWORKS SOLUTIONS INC,IVV,1168802,FALSE,,102.48,USD,SWKS,Equity,Information Technology,United States,5,10,1,8,5,FALSE,FALSE,FALSE,FALSE,FALSE
,BMG475671050,ISIN,IHS MARKIT LTD,IVV,2282103,FALSE,,52.69,USD,INFO,Equity,Industrials,United States,2,10,3,4,1,FALSE,FALSE,FALSE,FALSE,FALSE
,US1567001060,ISIN,CENTURYLINK INC,IVV,6273742,FALSE,,19.23,USD,CTL,Equity,Telecommunications,United States,4,8,9,7,4,FALSE,FALSE,FALSE,FALSE,FALSE
,US78410G1040,ISIN,SBA COMMUNICATIONS REIT CORP CLASS,IVV,743339,FALSE,,162.63,USD,SBAC,Equity,Real Estate,United States,4,9,7,2,10,FALSE,FALSE,FALSE,FALSE,FALSE
,LR0008862868,ISIN,ROYAL CARIBBEAN CRUISES LTD,IVV,1085475,FALSE,,111.48,USD,RCL,Equity,Consumer Discretionary,United States,2,2,8,7,5,FALSE,FALSE,FALSE,FALSE,FALSE
,US4165151048,ISIN,HARTFORD FINANCIAL SERVICES GROUP,IVV,2308679,FALSE,,52.67,USD,HIG,Equity,Financials,United States,9,6,6,2,5,FALSE,FALSE,FALSE,FALSE,FALSE
,US9100471096,ISIN,UNITED CONTINENTAL HOLDINGS INC,IVV,1518778,FALSE,,80.59,USD,UAL,Equity,Industrials,United States,9,3,7,2,8,FALSE,FALSE,FALSE,FALSE,FALSE
,US50540R4092,ISIN,LABORATORY CORPORATION OF AMERICA,IVV,655897,FALSE,,186.99,USD,LH,Equity,Health Care,United States,8,6,9,2,4,FALSE,FALSE,FALSE,FALSE,FALSE
,US0865161014,ISIN,BEST BUY INC,IVV,1573628,FALSE,,77.98,USD,BBY,Equity,Consumer Discretionary,United States,5,5,9,10,8,FALSE,FALSE,FALSE,FALSE,FALSE
,US0533321024,ISIN,AUTOZONE INC,IVV,171814,FALSE,,716.17,USD,AZO,Equity,Consumer Discretionary,United States,2,10,7,1,2,FALSE,FALSE,FALSE,FALSE,FALSE
,US03349M1053,ISIN,ANDEAVOR,IVV,895161,FALSE,,137.49,USD,ANDV,Equity,Energy,United States,1,1,1,1,10,FALSE,FALSE,FALSE,FALSE,TRUE
,US1567821046,ISIN,CERNER CORP,IVV,2033642,FALSE,,60.76,USD,CERN,Equity,Health Care,United States,6,7,3,4,4,FALSE,FALSE,FALSE,FALSE,FALSE
,US3167731005,ISIN,FIFTH THIRD BANCORP,IVV,4386296,FALSE,,28.31,USD,FITB,Equity,Financials,United States,9,9,1,7,4,FALSE,FALSE,FALSE,FALSE,FALSE
,US9024941034,ISIN,TYSON FOODS INC CLASS A,IVV,1922356,FALSE,,64.9,USD,TSN,Equity,Consumer Staples,United States,4,8,5,5,1,FALSE,FALSE,FALSE,FALSE,FALSE
,US1011211018,ISIN,BOSTON PROPERTIES REIT INC,IVV,986526,FALSE,,126.8,USD,BXP,Equity,Real Estate,United States,3,1,9,7,8,FALSE,FALSE,FALSE,TRUE,FALSE
,US2333311072,ISIN,DTE ENERGY,IVV,1169532,FALSE,,107.37,USD,DTE,Equity,Utilities,United States,6,8,9,7,7,FALSE,FALSE,FALSE,FALSE,FALSE
,US3390411052,ISIN,FLEETCOR TECHNOLOGIES INC,IVV,578100,FALSE,,218,USD,FLT,Equity,Information Technology,United States,1,4,3,2,1,FALSE,FALSE,FALSE,FALSE,FALSE
,US1746101054,ISIN,CITIZENS FINANCIAL GROUP INC,IVV,3101519,FALSE,,40.66,USD,CFG,Equity,Financials,United States,5,7,5,10,7,FALSE,FALSE,FALSE,FALSE,FALSE
,US1248572026,ISIN,CBS CORP CLASS B,IVV,2203050,FALSE,,57.44,USD,CBS,Equity,Consumer Discretionary,United States,4,9,6,5,6,FALSE,FALSE,FALSE,FALSE,FALSE
,US6516391066,ISIN,NEWMONT MINING CORP,IVV,3424422,FALSE,,37.01,USD,NEM,Equity,Materials,United States,10,10,4,10,2,FALSE,FALSE,FALSE,FALSE,FALSE
,US6200763075,ISIN,MOTOROLA SOLUTIONS INC,IVV,1038851,FALSE,,122.18,USD,MSI,Equity,Information Technology,United States,6,6,7,6,6,FALSE,FALSE,FALSE,FALSE,FALSE
,US69351T1060,ISIN,PPL CORP,IVV,4504970,FALSE,,28.31,USD,PPL,Equity,Utilities,United States,2,3,7,9,1,FALSE,FALSE,FALSE,FALSE,FALSE
,US7591EP1005,ISIN,REGIONS FINANCIAL CORP,IVV,7252850,FALSE,,17.62,USD,RF,Equity,Financials,United States,7,10,6,4,10,FALSE,FALSE,FALSE,FALSE,FALSE
,US03076C1062,ISIN,AMERIPRISE FINANCE INC,IVV,927244,FALSE,,141.27,USD,AMP,Equity,Financials,United States,3,5,1,7,3,FALSE,FALSE,FALSE,FALSE,FALSE
,US90130A2006,ISIN,TWENTY-FIRST CENTURY FOX INC CLASS,IVV,2836300,FALSE,,46.2,USD,FOX,Equity,Consumer Discretionary,United States,1,9,8,9,1,FALSE,FALSE,FALSE,FALSE,FALSE
,US00846U1016,ISIN,AGILENT TECHNOLOGIES INC,IVV,2061265,FALSE,,64.15,USD,A,Equity,Health Care,United States,7,3,1,2,7,FALSE,FALSE,FALSE,FALSE,FALSE
,US6703461052,ISIN,NUCOR CORP,IVV,2049252,FALSE,,64.67,USD,NUE,Equity,Materials,United States,8,9,5,6,4,FALSE,FALSE,FALSE,FALSE,FALSE
,US92939U1060,ISIN,WEC ENERGY GROUP INC,IVV,2038251,FALSE,,65.24,USD,WEC,Equity,Utilities,United States,10,4,10,3,6,FALSE,FALSE,FALSE,FALSE,FALSE
,US92276F1003,ISIN,VENTAS REIT INC,IVV,2301291,FALSE,,58.06,USD,VTR,Equity,Real Estate,United States,6,4,5,3,2,FALSE,FALSE,FALSE,FALSE,FALSE
,IE00BDB6Q211,ISIN,WILLIS TOWERS WATSON PLC,IVV,843928,FALSE,,158.84,USD,WLTW,Equity,Financials,United States,6,8,4,7,4,FALSE,FALSE,FALSE,FALSE,FALSE
,US2567461080,ISIN,DOLLAR TREE INC,IVV,1532321,FALSE,,87.49,USD,DLTR,Equity,Consumer Discretionary,United States,7,7,8,2,6,FALSE,FALSE,FALSE,FALSE,FALSE
,US45168D1046,ISIN,IDEXX LABORATORIES INC,IVV,557846,FALSE,,242.82,USD,IDXX,Equity,Health Care,United States,6,4,1,7,3,FALSE,FALSE,FALSE,FALSE,FALSE
,US35671D8570,ISIN,FREEPORT MCMORAN INC,IVV,8653003,FALSE,,15.8,USD,FCX,Equity,Materials,United States,10,4,8,8,4,FALSE,FALSE,FALSE,FALSE,FALSE
,US2310211063,ISIN,CUMMINS INC,IVV,994431,FALSE,,137.82,USD,CMI,Equity,Industrials,United States,10,1,4,3,3,FALSE,FALSE,FALSE,FALSE,FALSE
,US2810201077,ISIN,EDISON INTERNATIONAL,IVV,2092397,FALSE,,65.83,USD,EIX,Equity,Utilities,United States,2,1,10,3,7,FALSE,FALSE,FALSE,FALSE,FALSE
,US7739031091,ISIN,ROCKWELL AUTOMATION INC,IVV,806470,FALSE,,172.07,USD,ROK,Equity,Industrials,United States,8,6,10,7,7,FALSE,FALSE,FALSE,FALSE,FALSE
,US8545021011,ISIN,STANLEY BLACK & DECKER INC,IVV,994416,FALSE,,139.65,USD,SWK,Equity,Industrials,United States,6,1,9,2,6,FALSE,FALSE,FALSE,FALSE,FALSE
,US69331C1080,ISIN,PG&E CORP,IVV,3330027,FALSE,,42.26,USD,PCG,Equity,Utilities,United States,1,8,6,2,8,FALSE,FALSE,FALSE,FALSE,FALSE
,US4601461035,ISIN,INTERNATIONAL PAPER,IVV,2646653,FALSE,,53.31,USD,IP,Equity,Materials,United States,7,9,8,7,8,FALSE,FALSE,FALSE,FALSE,FALSE
,US4932671088,ISIN,KEYCORP,IVV,6851733,FALSE,,20.63,USD,KEY,Equity,Financials,United States,2,7,1,6,1,FALSE,FALSE,FALSE,FALSE,FALSE
,US64110D1046,ISIN,NETAPP INC,IVV,1719487,FALSE,,82.32,USD,NTAP,Equity,Information Technology,United States,4,7,6,7,9,FALSE,FALSE,FALSE,FALSE,FALSE
,US7010941042,ISIN,PARKER-HANNIFIN CORP,IVV,858643,FALSE,,165.08,USD,PH,Equity,Industrials,United States,7,9,4,1,10,FALSE,FALSE,FALSE,FALSE,FALSE
,US5950171042,ISIN,MICROCHIP TECHNOLOGY INC,IVV,1502542,FALSE,,94.8,USD,MCHP,Equity,Information Technology,United States,4,6,7,1,6,FALSE,FALSE,FALSE,FALSE,FALSE
,US6937181088,ISIN,PACCAR INC,IVV,2271933,FALSE,,63.45,USD,PCAR,Equity,Industrials,United States,8,2,5,5,2,FALSE,FALSE,FALSE,FALSE,FALSE
,US7043261079,ISIN,PAYCHEX INC,IVV,2048462,FALSE,,70.49,USD,PAYX,Equity,Information Technology,United States,5,6,1,4,9,FALSE,FALSE,FALSE,FALSE,FALSE
,US7743411016,ISIN,ROCKWELL COLLINS INC,IVV,1053410,FALSE,,137.15,USD,COL,Equity,Industrials,United States,10,6,10,6,9,FALSE,FALSE,FALSE,FALSE,FALSE
,IE00B6330302,ISIN,INGERSOLL RAND PLC,IVV,1593746,FALSE,,91.8,USD,IR,Equity,Industrials,United States,3,2,6,5,7,FALSE,FALSE,FALSE,FALSE,FALSE
,US6658591044,ISIN,NORTHERN TRUST CORP TRUST,IVV,1355498,FALSE,,108.44,USD,NTRS,Equity,Financials,United States,7,2,2,6,2,FALSE,FALSE,FALSE,FALSE,FALSE
,US98956P1021,ISIN,ZIMMER BIOMET HOLDINGS INC,IVV,1309941,FALSE,,112.24,USD,ZBH,Equity,Health Care,United States,4,8,9,1,4,FALSE,FALSE,FALSE,FALSE,FALSE
,US43300A2033,ISIN,HILTON WORLDWIDE HOLDINGS INC,IVV,1790738,FALSE,,82.14,USD,HLT,Equity,Consumer Discretionary,United States,10,1,4,6,7,FALSE,FALSE,TRUE,FALSE,FALSE
,US5010441013,ISIN,KROGER,IVV,5238232,FALSE,,28.12,USD,KR,Equity,Consumer Staples,United States,10,9,2,6,7,FALSE,FALSE,FALSE,FALSE,FALSE
,US25179M1036,ISIN,DEVON ENERGY CORP,IVV,3347139,FALSE,,44.14,USD,DVN,Equity,Energy,United States,9,8,1,3,4,FALSE,FALSE,FALSE,FALSE,TRUE
,US9581021055,ISIN,WESTERN DIGITAL CORP,IVV,1928413,FALSE,,77.46,USD,WDC,Equity,Information Technology,United States,8,9,2,8,3,FALSE,FALSE,FALSE,FALSE,FALSE
,US95040Q1040,ISIN,WELLTOWER INC,IVV,2382981,FALSE,,62.77,USD,WELL,Equity,Real Estate,United States,1,6,8,5,7,FALSE,FALSE,FALSE,FALSE,FALSE
,US98389B1008,ISIN,XCEL ENERGY INC,IVV,3260382,FALSE,,45.91,USD,XEL,Equity,Utilities,United States,1,9,4,3,10,FALSE,FALSE,FALSE,FALSE,FALSE
,US87165B1035,ISIN,SYNCHRONY FINANCIAL,IVV,4568714,FALSE,,33.24,USD,SYF,Equity,Financials,United States,3,1,1,10,3,FALSE,FALSE,FALSE,FALSE,FALSE
,US29476L1070,ISIN,EQUITY RESIDENTIAL REIT,IVV,2364713,FALSE,,64.29,USD,EQR,Equity,Real Estate,United States,3,4,10,3,9,FALSE,FALSE,FALSE,FALSE,FALSE
,US34959J1088,ISIN,FORTIVE CORP,IVV,1964531,FALSE,,77.62,USD,FTV,Equity,Industrials,United States,5,4,3,9,9,FALSE,FALSE,FALSE,FALSE,FALSE
,US0534841012,ISIN,AVALONBAY COMMUNITIES REIT INC,IVV,886214,FALSE,,172.4,USD,AVB,Equity,Real Estate,United States,8,5,3,7,4,FALSE,FALSE,FALSE,FALSE,FALSE
,PA1436583006,ISIN,CARNIVAL CORP,IVV,2602037,FALSE,,58.86,USD,CCL,Equity,Consumer Discretionary,United States,8,3,7,6,2,FALSE,FALSE,FALSE,FALSE,FALSE
,US9694571004,ISIN,WILLIAMS INC,IVV,5341277,FALSE,,28.69,USD,WMB,Equity,Energy,United States,3,4,5,1,7,FALSE,FALSE,FALSE,FALSE,TRUE
,US42824C1099,ISIN,HEWLETT PACKARD ENTERPRISE,IVV,9840562,FALSE,,15.64,USD,HPE,Equity,Information Technology,United States,3,6,4,3,6,FALSE,FALSE,FALSE,FALSE,FALSE
,US2538681030,ISIN,DIGITAL REALTY TRUST REIT INC TRUS,IVV,1319283,FALSE,,116.68,USD,DLR,Equity,Real Estate,United States,2,7,10,6,6,FALSE,FALSE,FALSE,FALSE,FALSE
,US2193501051,ISIN,CORNING INC,IVV,5351096,FALSE,,29.34,USD,GLW,Equity,Information Technology,United States,6,3,3,7,5,FALSE,FALSE,FALSE,FALSE,FALSE
,US2091151041,ISIN,CONSOLIDATED EDISON INC,IVV,1995545,FALSE,,78.78,USD,ED,Equity,Utilities,United States,4,1,3,2,10,FALSE,FALSE,FALSE,FALSE,FALSE
,US67103H1077,ISIN,OREILLY AUTOMOTIVE INC,IVV,527859,FALSE,,299.23,USD,ORLY,Equity,Consumer Discretionary,United States,9,8,5,10,1,FALSE,FALSE,FALSE,FALSE,FALSE
,US23355L1061,ISIN,DXC TECHNOLOGY,IVV,1833691,FALSE,,87.17,USD,DXC,Equity,Information Technology,United States,3,6,8,2,4,FALSE,FALSE,FALSE,FALSE,FALSE
,US2547091080,ISIN,DISCOVER FINANCIAL SERVICES,IVV,2248236,FALSE,,71.51,USD,DFS,Equity,Financials,United States,7,9,9,5,7,FALSE,FALSE,FALSE,FALSE,FALSE
,US55261F1049,ISIN,M&T BANK CORP,IVV,935964,FALSE,,172.77,USD,MTB,Equity,Financials,United States,10,5,5,8,1,FALSE,FALSE,FALSE,FALSE,FALSE
,US2566771059,ISIN,DOLLAR GENERAL CORP,IVV,1632793,FALSE,,99.2,USD,DG,Equity,Consumer Discretionary,United States,7,10,6,8,3,FALSE,FALSE,FALSE,FALSE,FALSE
,JE00B783TY65,ISIN,APTIV PLC,IVV,1705998,FALSE,,94.97,USD,APTV,Equity,Consumer Discretionary,United States,5,3,7,9,6,FALSE,FALSE,FALSE,FALSE,FALSE
,US61174X1090,ISIN,MONSTER BEVERAGE CORP,IVV,2651931,FALSE,,61.14,USD,MNST,Equity,Consumer Staples,United States,7,3,9,8,5,FALSE,FALSE,FALSE,FALSE,FALSE
,US0669224778,ISIN,BLK CSH FND TREASURY SL AGENCY,IVV,162846055,FALSE,,1,USD,BLKFDS,Money Market,Cash and/or Derivatives,United States,9,8,9,2,10,FALSE,FALSE,FALSE,FALSE,FALSE
,US9884981013,ISIN,YUM BRANDS INC,IVV,2076813,FALSE,,79.33,USD,YUM,Equity,Consumer Discretionary,United States,2,3,4,10,7,FALSE,FALSE,FALSE,FALSE,FALSE
,US3703341046,ISIN,GENERAL MILLS INC,IVV,3820787,FALSE,,43.35,USD,GIS,Equity,Consumer Staples,United States,9,5,9,7,4,FALSE,FALSE,FALSE,FALSE,FALSE
,US7565771026,ISIN,RED HAT INC,IVV,1145177,FALSE,,146.2,USD,RHT,Equity,Information Technology,United States,2,9,9,3,9,FALSE,FALSE,FALSE,FALSE,FALSE
,US7445731067,ISIN,PUBLIC SERVICE ENTERPRISE GROUP IN,IVV,3243104,FALSE,,52.17,USD,PEG,Equity,Utilities,United States,2,2,3,2,1,FALSE,FALSE,FALSE,FALSE,FALSE
,US0394831020,ISIN,ARCHER DANIELS MIDLAND,IVV,3588253,FALSE,,47.25,USD,ADM,Equity,Consumer Staples,United States,3,1,2,5,4,FALSE,FALSE,FALSE,FALSE,FALSE
,US6935061076,ISIN,PPG INDUSTRIES INC,IVV,1601824,FALSE,,106.39,USD,PPG,Equity,Materials,United States,3,4,3,3,3,FALSE,FALSE,FALSE,FALSE,FALSE
,US0162551016,ISIN,ALIGN TECHNOLOGY INC,IVV,463258,FALSE,,370.32,USD,ALGN,Equity,Health Care,United States,9,8,8,7,9,FALSE,FALSE,FALSE,FALSE,FALSE
,US0320951017,ISIN,AMPHENOL CORP CLASS A,IVV,1942566,FALSE,,88.59,USD,APH,Equity,Information Technology,United States,9,1,5,7,6,FALSE,FALSE,FALSE,FALSE,FALSE
,US9621661043,ISIN,WEYERHAEUSER REIT,IVV,4884523,FALSE,,35.65,USD,WY,Equity,Real Estate,United States,8,2,1,10,4,FALSE,FALSE,FALSE,FALSE,FALSE
,US58155Q1031,ISIN,MCKESSON CORP,IVV,1302092,FALSE,,133.81,USD,MCK,Equity,Health Care,United States,7,6,6,5,4,FALSE,FALSE,FALSE,FALSE,FALSE
,US15135B1017,ISIN,CENTENE CORP,IVV,1318176,FALSE,,135.25,USD,CNC,Equity,Health Care,United States,5,9,3,4,7,FALSE,FALSE,FALSE,FALSE,FALSE
,US20605P1012,ISIN,CONCHO RESOURCES INC,IVV,1221401,FALSE,,148.27,USD,CXO,Equity,Energy,United States,1,3,2,4,9,FALSE,FALSE,FALSE,FALSE,TRUE
,US75886F1075,ISIN,REGENERON PHARMACEUTICALS INC,IVV,495502,FALSE,,367.74,USD,REGN,Equity,Health Care,United States,5,3,3,10,1,FALSE,FALSE,FALSE,FALSE,FALSE
,US90184L1026,ISIN,TWITTER INC,IVV,4219891,FALSE,,43.44,USD,TWTR,Equity,Information Technology,United States,10,6,7,5,8,FALSE,FALSE,FALSE,FALSE,FALSE
,US8447411088,ISIN,SOUTHWEST AIRLINES,IVV,3425093,FALSE,,53.78,USD,LUV,Equity,Industrials,United States,7,8,1,5,1,FALSE,FALSE,FALSE,FALSE,FALSE
,US6826801036,ISIN,ONEOK INC,IVV,2639800,FALSE,,70.44,USD,OKE,Equity,Energy,United States,2,8,7,6,5,FALSE,FALSE,FALSE,FALSE,TRUE
,US9182041080,ISIN,VF CORP,IVV,2102603,FALSE,,89.24,USD,VFC,Equity,Consumer Discretionary,United States,4,3,6,4,5,FALSE,FALSE,FALSE,FALSE,FALSE
,US74144T1088,ISIN,T ROWE PRICE GROUP INC,IVV,1556282,FALSE,,120.75,USD,TROW,Equity,Financials,United States,7,10,5,5,2,FALSE,FALSE,FALSE,FALSE,FALSE
,US5128071082,ISIN,LAM RESEARCH CORP,IVV,1054432,FALSE,,178.23,USD,LRCX,Equity,Information Technology,United States,9,4,3,8,5,FALSE,FALSE,FALSE,FALSE,FALSE
,US7766961061,ISIN,ROPER TECHNOLOGIES INC,IVV,664809,FALSE,,283.46,USD,ROP,Equity,Industrials,United States,2,9,1,1,5,FALSE,FALSE,FALSE,FALSE,FALSE
,US0527691069,ISIN,AUTODESK INC,IVV,1402610,FALSE,,134.5,USD,ADSK,Equity,Information Technology,United States,6,1,3,1,9,FALSE,FALSE,FALSE,FALSE,FALSE
,US40412C1018,ISIN,HCA HEALTHCARE INC,IVV,1790523,FALSE,,107.7,USD,HCA,Equity,Health Care,United States,8,5,1,10,10,FALSE,FALSE,FALSE,FALSE,FALSE
,US0153511094,ISIN,ALEXION PHARMACEUTICALS INC,IVV,1433880,FALSE,,135.09,USD,ALXN,Equity,Health Care,United States,9,5,4,3,1,FALSE,FALSE,FALSE,FALSE,FALSE
,US6153691059,ISIN,MOODYS CORP,IVV,1075910,FALSE,,182.35,USD,MCO,Equity,Financials,United States,9,6,3,10,1,FALSE,FALSE,FALSE,FALSE,FALSE
,US8168511090,ISIN,SEMPRA ENERGY,IVV,1702191,FALSE,,115.31,USD,SRE,Equity,Utilities,United States,10,10,5,3,2,FALSE,FALSE,FALSE,FALSE,FALSE
,US7237871071,ISIN,PIONEER NATURAL RESOURCE,IVV,1092308,FALSE,,182.97,USD,PXD,Equity,Energy,United States,6,8,9,3,9,FALSE,FALSE,FALSE,FALSE,TRUE
,US5184391044,ISIN,ESTEE LAUDER INC CLASS A,IVV,1436880,FALSE,,140.42,USD,EL,Equity,Consumer Staples,United States,2,9,10,3,1,FALSE,FALSE,FALSE,FALSE,FALSE
,US2786421030,ISIN,EBAY INC,IVV,5944315,FALSE,,34.11,USD,EBAY,Equity,Information Technology,United States,10,3,1,4,3,FALSE,FALSE,FALSE,FALSE,FALSE
,US3377381088,ISIN,FISERV INC,IVV,2635191,FALSE,,77.43,USD,FISV,Equity,Information Technology,United States,9,2,3,7,3,FALSE,FALSE,FALSE,FALSE,FALSE
,US28176E1082,ISIN,EDWARDS LIFESCIENCES CORP,IVV,1358342,FALSE,,150.28,USD,EW,Equity,Health Care,United States,8,8,7,3,3,FALSE,FALSE,FALSE,FALSE,FALSE
,US8679141031,ISIN,SUNTRUST BANKS INC,IVV,2976630,FALSE,,69.02,USD,STI,Equity,Financials,United States,4,3,2,9,1,FALSE,FALSE,FALSE,FALSE,FALSE
,CH0102993182,ISIN,TE CONNECTIVITY LTD,IVV,2248633,FALSE,,92.32,USD,TEL,Equity,Information Technology,United States,6,4,10,8,1,FALSE,FALSE,FALSE,FALSE,FALSE
,US94106L1098,ISIN,WASTE MANAGEMENT INC,IVV,2548037,FALSE,,82.65,USD,WM,Equity,Industrials,United States,1,7,2,4,7,FALSE,FALSE,FALSE,FALSE,FALSE
,US0200021014,ISIN,ALLSTATE CORP,IVV,2255607,FALSE,,93.42,USD,ALL,Equity,Financials,United States,9,5,4,7,2,FALSE,FALSE,FALSE,FALSE,FALSE
,US7782961038,ISIN,ROSS STORES INC,IVV,2437754,FALSE,,87.44,USD,ROST,Equity,Consumer Discretionary,United States,6,5,10,9,9,FALSE,FALSE,FALSE,FALSE,FALSE
,US0010551028,ISIN,AFLAC INC,IVV,4971788,FALSE,,42.89,USD,AFL,Equity,Financials,United States,9,7,5,8,10,FALSE,FALSE,FALSE,FALSE,FALSE
,IE00BY7QL619,ISIN,JOHNSON CONTROLS INTERNATIONAL PLC,IVV,5948188,FALSE,,35.85,USD,JCI,Equity,Industrials,United States,10,2,1,5,5,FALSE,FALSE,FALSE,FALSE,FALSE
,US74460D1090,ISIN,PUBLIC STORAGE REIT,IVV,961535,FALSE,,222.46,USD,PSA,Equity,Real Estate,United States,6,1,1,2,10,FALSE,FALSE,FALSE,FALSE,FALSE
,US56585A1025,ISIN,MARATHON PETROLEUM CORP,IVV,2976533,FALSE,,72.86,USD,MPC,Equity,Energy,United States,2,4,4,2,1,FALSE,FALSE,FALSE,FALSE,TRUE
,US89417E1091,ISIN,TRAVELERS COMPANIES INC,IVV,1733485,FALSE,,125.18,USD,TRV,Equity,Financials,United States,2,1,5,4,8,FALSE,FALSE,FALSE,FALSE,FALSE
,US8718291078,ISIN,SYSCO CORP,IVV,3072018,FALSE,,70.88,USD,SYY,Equity,Consumer Staples,United States,5,8,6,1,10,FALSE,FALSE,FALSE,FALSE,FALSE
,US8574771031,ISIN,STATE STREET CORP,IVV,2349418,FALSE,,92.74,USD,STT,Equity,Financials,United States,2,5,3,7,10,FALSE,FALSE,FALSE,FALSE,FALSE
,US0091581068,ISIN,AIR PRODUCTS AND CHEMICALS INC,IVV,1412571,FALSE,,154.4,USD,APD,Equity,Materials,United States,3,10,7,1,6,FALSE,FALSE,FALSE,FALSE,FALSE
,US74340W1036,ISIN,PROLOGIS REIT INC,IVV,3436360,FALSE,,63.5,USD,PLD,Equity,Real Estate,United States,8,1,8,1,9,FALSE,FALSE,FALSE,FALSE,FALSE
,US2473617023,ISIN,DELTA AIR LINES INC,IVV,4145866,FALSE,,53,USD,DAL,Equity,Industrials,United States,2,6,5,4,10,FALSE,FALSE,FALSE,FALSE,FALSE
,IE00B8KQN827,ISIN,EATON PLC,IVV,2809773,FALSE,,78.21,USD,ETN,Equity,Industrials,United States,5,4,3,1,6,FALSE,FALSE,FALSE,FALSE,FALSE
,US49456B1017,ISIN,KINDER MORGAN INC,IVV,12226371,FALSE,,17.99,USD,KMI,Equity,Energy,United States,5,8,9,3,6,FALSE,FALSE,FALSE,FALSE,TRUE
,US0255371017,ISIN,AMERICAN ELECTRIC POWER INC,IVV,3160088,FALSE,,70.64,USD,AEP,Equity,Utilities,United States,4,2,7,4,8,FALSE,FALSE,FALSE,FALSE,FALSE
,US7433151039,ISIN,PROGRESSIVE CORP,IVV,3753036,FALSE,,59.51,USD,PGR,Equity,Financials,United States,10,5,6,6,8,FALSE,FALSE,FALSE,FALSE,FALSE
,NL0009434992,ISIN,LYONDELLBASELL INDUSTRIES NV CLASS,IVV,2061675,FALSE,,108.56,EUR,LYB,Equity,Materials,Netherlands,2,2,6,5,9,FALSE,FALSE,FALSE,FALSE,FALSE
,US29444U7000,ISIN,EQUINIX REIT INC,IVV,512063,FALSE,,437.19,USD,EQIX,Equity,Real Estate,United States,2,2,3,7,4,FALSE,FALSE,FALSE,FALSE,FALSE
,US8243481061,ISIN,SHERWIN WILLIAMS,IVV,528670,FALSE,,429.08,USD,SHW,Equity,Materials,United States,7,6,1,7,5,FALSE,FALSE,FALSE,FALSE,FALSE
,GB00B5BT0K07,ISIN,AON PLC CLASS A,IVV,1568110,FALSE,,146.15,USD,AON,Equity,Financials,United States,8,9,7,10,4,FALSE,FALSE,FALSE,FALSE,FALSE
,US31620M1062,ISIN,FIDELITY NATIONAL INFORMATION SERV,IVV,2122897,FALSE,,108.72,USD,FIS,Equity,Information Technology,United States,3,5,3,5,7,FALSE,FALSE,FALSE,FALSE,FALSE
,US4943681035,ISIN,KIMBERLY CLARK CORP,IVV,2240141,FALSE,,103.55,USD,KMB,Equity,Consumer Staples,United States,5,2,8,6,3,FALSE,FALSE,FALSE,FALSE,FALSE
,US21036P1084,ISIN,CONSTELLATION BRANDS INC CLASS A,IVV,1076252,FALSE,,215.82,USD,STZ,Equity,Consumer Staples,United States,9,2,6,4,9,FALSE,TRUE,FALSE,FALSE,FALSE
,US0326541051,ISIN,ANALOG DEVICES INC,IVV,2385185,FALSE,,98.26,USD,ADI,Equity,Information Technology,United States,7,9,10,6,5,FALSE,FALSE,FALSE,FALSE,FALSE
,US0325111070,ISIN,ANADARKO PETROLEUM CORP,IVV,3307950,FALSE,,71.08,USD,APC,Equity,Energy,United States,3,10,2,1,4,FALSE,FALSE,FALSE,FALSE,TRUE
,US5007541064,ISIN,KRAFT HEINZ,IVV,3834212,FALSE,,61.34,USD,KHC,Equity,Consumer Staples,United States,4,3,3,6,9,FALSE,FALSE,FALSE,FALSE,FALSE
,US0718131099,ISIN,BAXTER INTERNATIONAL INC,IVV,3154651,FALSE,,74.74,USD,BAX,Equity,Health Care,United States,7,3,2,2,1,FALSE,FALSE,FALSE,FALSE,FALSE
,US2788651006,ISIN,ECOLAB INC,IVV,1667616,FALSE,,141.9,USD,ECL,Equity,Materials,United States,3,9,4,6,8,FALSE,FALSE,FALSE,FALSE,FALSE
,US40434L1052,ISIN,HP INC,IVV,10514631,FALSE,,23.19,USD,HPQ,Equity,Information Technology,United States,2,5,7,9,1,FALSE,FALSE,FALSE,FALSE,FALSE
,US0549371070,ISIN,BB AND T CORP,IVV,4995939,FALSE,,50.52,USD,BBT,Equity,Financials,United States,8,8,4,5,5,FALSE,FALSE,FALSE,FALSE,FALSE
,US4062161017,ISIN,HALLIBURTON,IVV,5634480,FALSE,,44.96,USD,HAL,Equity,Energy,United States,10,2,4,5,9,FALSE,FALSE,FALSE,FALSE,TRUE
,US5719032022,ISIN,MARRIOTT INTERNATIONAL INC CLASS A,IVV,1910993,FALSE,,133.2,USD,MAR,Equity,Consumer Discretionary,United States,6,10,3,4,8,FALSE,FALSE,FALSE,FALSE,FALSE
,US7443201022,ISIN,PRUDENTIAL FINANCIAL INC,IVV,2695048,FALSE,,95.7,USD,PRU,Equity,Financials,United States,6,3,6,9,1,FALSE,FALSE,FALSE,FALSE,FALSE
,US30161N1019,ISIN,EXELON CORP,IVV,6185169,FALSE,,42.24,USD,EXC,Equity,Utilities,United States,7,3,8,3,5,FALSE,FALSE,FALSE,FALSE,FALSE
,US98978V1035,ISIN,ZOETIS INC CLASS A,IVV,3112723,FALSE,,85.42,USD,ZTS,Equity,Health Care,United States,2,10,3,1,10,FALSE,FALSE,FALSE,FALSE,FALSE
,US87612E1064,ISIN,TARGET CORP,IVV,3416030,FALSE,,78.46,USD,TGT,Equity,Consumer Discretionary,United States,3,1,1,10,7,FALSE,FALSE,FALSE,FALSE,FALSE
,US3453708600,ISIN,F MOTOR,IVV,25095204,FALSE,,10.82,USD,F,Equity,Consumer Discretionary,United States,7,4,1,5,1,FALSE,FALSE,FALSE,FALSE,FALSE
,US1255091092,ISIN,CIGNA CORP,IVV,1559110,FALSE,,175.9,USD,CI,Equity,Health Care,United States,8,10,7,6,2,FALSE,FALSE,FALSE,FALSE,FALSE
,US30219G1085,ISIN,EXPRESS SCRIPTS HOLDING,IVV,3605795,FALSE,,76.73,USD,ESRX,Equity,Health Care,United States,9,7,6,1,9,FALSE,FALSE,FALSE,FALSE,FALSE
,US4448591028,ISIN,HUMANA INC,IVV,882788,FALSE,,318.4,USD,HUM,Equity,Health Care,United States,10,8,5,3,2,FALSE,FALSE,FALSE,FALSE,FALSE
,US45866F1049,ISIN,INTERCONTINENTAL EXCHANGE INC,IVV,3719863,FALSE,,75.76,USD,ICE,Equity,Financials,United States,8,9,3,9,10,FALSE,FALSE,FALSE,FALSE,FALSE
,US2910111044,ISIN,EMERSON ELECTRIC,IVV,4045695,FALSE,,69.8,USD,EMR,Equity,Industrials,United States,1,2,1,4,3,FALSE,FALSE,FALSE,FALSE,FALSE
,US5717481023,ISIN,MARSH & MCLENNAN INC,IVV,3258468,FALSE,,87.13,USD,MMC,Equity,Financials,United States,2,8,10,9,8,FALSE,FALSE,FALSE,FALSE,FALSE
,US4523081093,ISIN,ILLINOIS TOOL INC,IVV,1963415,FALSE,,145.46,USD,ITW,Equity,Industrials,United States,7,4,5,4,5,FALSE,FALSE,FALSE,FALSE,FALSE
,US59156R1086,ISIN,METLIFE INC,IVV,6518114,FALSE,,44.17,USD,MET,Equity,Financials,United States,5,2,3,8,6,FALSE,FALSE,FALSE,FALSE,FALSE
,US4523271090,ISIN,ILLUMINA INC,IVV,942028,FALSE,,309.1,USD,ILMN,Equity,Health Care,United States,4,10,3,9,9,FALSE,FALSE,FALSE,FALSE,FALSE
,US2855121099,ISIN,ELECTRONIC ARTS INC,IVV,1970267,FALSE,,147.96,USD,EA,Equity,Information Technology,United States,10,9,5,1,2,FALSE,FALSE,FALSE,FALSE,FALSE
,US6558441084,ISIN,NORFOLK SOUTHERN CORP,IVV,1816559,FALSE,,160.48,USD,NSC,Equity,Industrials,United States,1,4,10,8,10,FALSE,FALSE,FALSE,FALSE,FALSE
,US2441991054,ISIN,DEERE,IVV,2079327,FALSE,,140.3,USD,DE,Equity,Industrials,United States,3,9,6,8,2,FALSE,FALSE,FALSE,FALSE,FALSE
,US92532F1003,ISIN,VERTEX PHARMACEUTICALS INC,IVV,1638891,FALSE,,180.12,USD,VRTX,Equity,Health Care,United States,6,4,9,6,5,FALSE,FALSE,FALSE,FALSE,FALSE
,US22822V1017,ISIN,CROWN CASTLE INTERNATIONAL REIT CO,IVV,2658815,FALSE,,111.03,USD,CCI,Equity,Real Estate,United States,7,9,3,1,4,FALSE,FALSE,FALSE,FALSE,FALSE
,US91913Y1001,ISIN,VALERO ENERGY CORP,IVV,2767429,FALSE,,107,USD,VLO,Equity,Energy,United States,9,7,8,2,9,FALSE,FALSE,FALSE,FALSE,TRUE
,US14040H1059,ISIN,CAPITAL ONE FINANCIAL CORP,IVV,3129477,FALSE,,95.37,USD,COF,Equity,Financials,United States,4,7,3,8,4,FALSE,FALSE,FALSE,FALSE,FALSE
,US7185461040,ISIN,PHILLIPS,IVV,2691296,FALSE,,110.9,USD,PSX,Equity,Energy,United States,1,4,1,1,6,FALSE,FALSE,FALSE,FALSE,TRUE
,US1011371077,ISIN,BOSTON SCIENTIFIC CORP,IVV,8876066,FALSE,,33.72,USD,BSX,Equity,Health Care,United States,4,2,6,7,3,FALSE,FALSE,FALSE,TRUE,FALSE
,US25746U1097,ISIN,DOMINION ENERGY INC,IVV,4182881,FALSE,,72,USD,D,Equity,Utilities,United States,6,7,5,10,4,FALSE,FALSE,FALSE,FALSE,FALSE
,US0382221051,ISIN,APPLIED MATERIAL INC,IVV,6465022,FALSE,,46.67,USD,AMAT,Equity,Information Technology,United States,2,2,5,6,8,FALSE,FALSE,FALSE,FALSE,FALSE
,US74005P1049,ISIN,PRAXAIR INC,IVV,1848772,FALSE,,165.26,USD,PX,Equity,Materials,United States,5,8,1,2,4,FALSE,FALSE,FALSE,FALSE,FALSE
,US1924461023,ISIN,COGNIZANT TECHNOLOGY SOLUTIONS COR,IVV,3756014,FALSE,,82.38,USD,CTSH,Equity,Information Technology,United States,10,4,4,1,1,FALSE,FALSE,FALSE,FALSE,FALSE
,US0268747849,ISIN,AMERICAN INTERNATIONAL GROUP INC,IVV,5764984,FALSE,,53.85,USD,AIG,Equity,Financials,United States,8,1,5,2,2,FALSE,FALSE,FALSE,FALSE,FALSE
,US8425871071,ISIN,SOUTHERN,IVV,6486554,FALSE,,47.92,USD,SO,Equity,Utilities,United States,4,1,7,1,7,FALSE,FALSE,FALSE,FALSE,FALSE
,US90130A1016,ISIN,TWENTY FIRST CENTURY FOX INC CLASS,IVV,6761995,FALSE,,46.65,USD,FOXA,Equity,Consumer Discretionary,United States,1,5,5,8,3,FALSE,FALSE,FALSE,FALSE,FALSE
,US37045V1008,ISIN,GENERAL MOTORS,IVV,8138335,FALSE,,39.31,USD,GM,Equity,Consumer Discretionary,United States,3,10,8,3,1,FALSE,FALSE,FALSE,FALSE,FALSE
,US4612021034,ISIN,INTUIT INC,IVV,1568426,FALSE,,215.99,USD,INTU,Equity,Information Technology,United States,5,3,4,6,5,FALSE,FALSE,FALSE,FALSE,FALSE
,US78409V1044,ISIN,S&P GLOBAL INC,IVV,1612212,FALSE,,211.27,USD,SPGI,Equity,Financials,United States,1,4,9,9,8,FALSE,FALSE,FALSE,FALSE,FALSE
,US0640581007,ISIN,BANK OF NEW YORK MELLON CORP,IVV,6504328,FALSE,,52.73,USD,BK,Equity,Financials,United States,2,9,6,5,9,FALSE,FALSE,FALSE,FALSE,FALSE
,US3695501086,ISIN,GENERAL DYNAMICS CORP,IVV,1772284,FALSE,,194.35,USD,GD,Equity,Industrials,United States,7,5,8,6,10,FALSE,FALSE,FALSE,TRUE,FALSE
,US8288061091,ISIN,SIMON PROPERTY GROUP REIT INC,IVV,1988861,FALSE,,173.96,USD,SPG,Equity,Real Estate,United States,10,10,4,4,4,FALSE,FALSE,FALSE,FALSE,FALSE
,US16119P1084,ISIN,CHARTER COMMUNICATIONS INC CLASS A,IVV,1189507,FALSE,,291.14,USD,CHTR,Equity,Consumer Discretionary,United States,1,3,3,6,7,FALSE,FALSE,FALSE,FALSE,FALSE
,US9314271084,ISIN,WALGREEN BOOTS ALLIANCE INC,IVV,5488045,FALSE,,64.93,USD,WBA,Equity,Consumer Staples,United States,8,6,3,1,10,FALSE,FALSE,FALSE,FALSE,FALSE
,US8636671013,ISIN,STRYKER CORP,IVV,2064009,FALSE,,172.86,USD,SYK,Equity,Health Care,United States,3,3,1,2,6,FALSE,FALSE,FALSE,FALSE,FALSE
,US6668071029,ISIN,NORTHROP GRUMMAN CORP,IVV,1122266,FALSE,,324.16,USD,NOC,Equity,Industrials,United States,9,10,4,6,8,FALSE,FALSE,FALSE,TRUE,FALSE
,US26441C2044,ISIN,DUKE ENERGY CORP,IVV,4510540,FALSE,,81.2,USD,DUK,Equity,Utilities,United States,7,2,5,4,9,FALSE,FALSE,FALSE,FALSE,FALSE
,US1941621039,ISIN,COLGATE-PALMOLIVE,IVV,5602107,FALSE,,65.75,USD,CL,Equity,Consumer Staples,United States,3,6,10,10,7,FALSE,FALSE,FALSE,FALSE,FALSE
,US12572Q1058,ISIN,CME GROUP INC CLASS A,IVV,2185450,FALSE,,168.85,USD,CME,Equity,Financials,United States,10,4,8,6,10,FALSE,FALSE,FALSE,FALSE,FALSE
,US7551115071,ISIN,RAYTHEON,IVV,1844750,FALSE,,201.37,USD,RTN,Equity,Industrials,United States,10,6,7,6,8,FALSE,FALSE,FALSE,TRUE,FALSE
,US31428X1063,ISIN,FEDEX CORP,IVV,1578767,FALSE,,236.55,USD,FDX,Equity,Industrials,United States,7,10,9,3,7,FALSE,FALSE,FALSE,FALSE,FALSE
,IE00BY9D5467,ISIN,ALLERGAN,IVV,2176388,FALSE,,173.39,USD,AGN,Equity,Health Care,United States,3,1,6,7,9,FALSE,FALSE,FALSE,FALSE,FALSE
,US46120E6023,ISIN,INTUITIVE SURGICAL INC,IVV,729089,FALSE,,521.29,USD,ISRG,Equity,Health Care,United States,10,10,4,3,9,FALSE,FALSE,FALSE,FALSE,FALSE
,US1510201049,ISIN,CELGENE CORP,IVV,4536128,FALSE,,85.34,USD,CELG,Equity,Health Care,United States,9,4,7,5,5,FALSE,FALSE,FALSE,FALSE,FALSE
,US0530151036,ISIN,AUTOMATIC DATA PROCESSING INC,IVV,2829076,FALSE,,137.06,USD,ADP,Equity,Information Technology,United States,2,1,6,3,1,FALSE,FALSE,FALSE,FALSE,FALSE
,US1264081035,ISIN,CSX CORP,IVV,5617940,FALSE,,69.15,USD,CSX,Equity,Industrials,United States,10,10,6,6,10,FALSE,FALSE,FALSE,FALSE,FALSE
,US8725401090,ISIN,TJX INC,IVV,4021858,FALSE,,97.69,USD,TJX,Equity,Consumer Discretionary,United States,3,6,2,5,9,FALSE,FALSE,FALSE,FALSE,FALSE
,US00507V1098,ISIN,ACTIVISION BLIZZARD INC,IVV,4885729,FALSE,,80.61,USD,ATVI,Equity,Information Technology,United States,10,3,1,10,3,FALSE,FALSE,FALSE,FALSE,FALSE
,CH0044328745,ISIN,CHUBB LTD,IVV,2989805,FALSE,,133.11,USD,CB,Equity,Financials,United States,9,4,5,4,6,FALSE,FALSE,FALSE,FALSE,FALSE
,US00817Y1082,ISIN,AETNA INC,IVV,2100081,FALSE,,190.04,USD,AET,Equity,Health Care,United States,1,3,7,3,6,FALSE,FALSE,FALSE,FALSE,FALSE
,US6092071058,ISIN,MONDELEZ INTERNATIONAL INC CLASS A,IVV,9463409,FALSE,,42.24,USD,MDLZ,Equity,Consumer Staples,United States,10,10,9,7,6,FALSE,FALSE,FALSE,FALSE,FALSE
,US09247X1019,ISIN,BLACKROCK INC,IVV,793381,FALSE,,504.89,USD,BLK,Equity,Financials,United States,9,6,9,3,5,FALSE,FALSE,FALSE,FALSE,FALSE
,US03027X1000,ISIN,AMERICAN TOWER REIT CORP,IVV,2835733,FALSE,,141.67,USD,AMT,Equity,Real Estate,United States,10,10,9,10,6,FALSE,FALSE,FALSE,FALSE,FALSE
,US0367521038,ISIN,ANTHEM INC,IVV,1638005,FALSE,,248.64,USD,ANTM,Equity,Health Care,United States,3,7,3,6,5,FALSE,FALSE,FALSE,FALSE,FALSE
,US2358511028,ISIN,DANAHER CORP,IVV,3946542,FALSE,,103.2,USD,DHR,Equity,Health Care,United States,3,9,10,4,2,FALSE,FALSE,FALSE,FALSE,FALSE
,US8085131055,ISIN,CHARLES SCHWAB CORP,IVV,7710905,FALSE,,52.88,USD,SCHW,Equity,Financials,United States,9,3,5,4,3,FALSE,FALSE,FALSE,FALSE,FALSE
,US6745991058,ISIN,OCCIDENTAL PETROLEUM CORP,IVV,4916908,FALSE,,82.98,USD,OXY,Equity,Energy,United States,5,3,3,5,3,FALSE,FALSE,FALSE,FALSE,TRUE
,US5951121038,ISIN,MICRON TECHNOLOGY INC,IVV,7447693,FALSE,,56.22,USD,MU,Equity,Information Technology,United States,8,1,9,8,2,FALSE,FALSE,FALSE,FALSE,FALSE
,US0758871091,ISIN,BECTON DICKINSON,IVV,1713476,FALSE,,246.98,USD,BDX,Equity,Health Care,United States,8,1,1,3,9,FALSE,FALSE,FALSE,FALSE,FALSE
,US6934751057,ISIN,PNC FINANCIAL SERVICES GROUP INC,IVV,3012632,FALSE,,140.71,USD,PNC,Equity,Financials,United States,5,4,1,1,2,FALSE,FALSE,FALSE,FALSE,FALSE
,US1266501006,ISIN,CVS HEALTH CORP,IVV,6528975,FALSE,,66.14,USD,CVS,Equity,Health Care,United States,3,9,3,5,4,FALSE,FALSE,FALSE,FALSE,FALSE
,US6174464486,ISIN,MORGAN STANLEY,IVV,8743865,FALSE,,49.85,USD,MS,Equity,Financials,United States,1,6,7,10,9,FALSE,FALSE,FALSE,FALSE,FALSE
,US26875P1012,ISIN,EOG RESOURCES INC,IVV,3717476,FALSE,,122.39,USD,EOG,Equity,Energy,United States,2,7,7,2,3,FALSE,FALSE,FALSE,FALSE,TRUE
,US8552441094,ISIN,STARBUCKS CORP,IVV,8862466,FALSE,,51.34,USD,SBUX,Equity,Consumer Discretionary,United States,4,8,7,6,10,FALSE,FALSE,FALSE,FALSE,FALSE
,US0258161092,ISIN,AMERICAN EXPRESS,IVV,4585996,FALSE,,100.17,USD,AXP,Equity,Financials,United States,4,10,2,10,6,FALSE,FALSE,FALSE,FALSE,FALSE
,US09062X1037,ISIN,BIOGEN INC INC,IVV,1355112,FALSE,,358.11,USD,BIIB,Equity,Health Care,United States,2,7,10,5,5,FALSE,FALSE,FALSE,FALSE,FALSE
,US9113121068,ISIN,UNITED PARCEL SERVICE INC CLASS B,IVV,4426287,FALSE,,112.84,USD,UPS,Equity,Industrials,United States,5,4,1,7,10,FALSE,FALSE,FALSE,FALSE,FALSE
,US5398301094,ISIN,LOCKHEED MARTIN CORP,IVV,1594243,FALSE,,319.6,USD,LMT,Equity,Industrials,United States,5,2,6,6,10,FALSE,FALSE,FALSE,TRUE,FALSE
,US9029733048,ISIN,US BANCORP,IVV,10020611,FALSE,,51.36,USD,USB,Equity,Financials,United States,1,5,2,9,5,FALSE,FALSE,FALSE,FALSE,FALSE
,US65339F1012,ISIN,NEXTERA ENERGY INC,IVV,3027608,FALSE,,170.25,USD,NEE,Equity,Utilities,United States,3,10,9,10,10,FALSE,FALSE,FALSE,FALSE,TRUE
,US38141G1040,ISIN,GOLDMAN SACHS GROUP INC,IVV,2255941,FALSE,,229.63,USD,GS,Equity,Financials,United States,4,5,7,2,3,FALSE,FALSE,FALSE,FALSE,FALSE
,US20825C1045,ISIN,CONOCOPHILLIPS,IVV,7514257,FALSE,,69.69,USD,COP,Equity,Energy,United States,5,10,8,7,4,FALSE,FALSE,FALSE,FALSE,TRUE
,US5486611073,ISIN,LOWES COMPANIES INC,IVV,5276923,FALSE,,101.39,USD,LOW,Equity,Consumer Discretionary,United States,9,2,6,9,9,FALSE,FALSE,FALSE,FALSE,FALSE
,US1491231015,ISIN,CATERPILLAR INC,IVV,3839803,FALSE,,139.42,USD,CAT,Equity,Industrials,United States,4,2,3,8,5,FALSE,FALSE,FALSE,FALSE,FALSE
,US11135F1012,ISIN,BROADCOM INC,IVV,2578347,FALSE,,210.37,USD,AVGO,Equity,Information Technology,United States,7,3,6,1,7,FALSE,FALSE,FALSE,FALSE,FALSE
,US5324571083,ISIN,ELI LILLY,IVV,6134220,FALSE,,89.43,USD,LLY,Equity,Health Care,United States,8,4,5,10,9,FALSE,FALSE,FALSE,FALSE,FALSE
,US8835561023,ISIN,THERMO FISHER SCIENTIFIC INC,IVV,2583758,FALSE,,216.08,USD,TMO,Equity,Health Care,United States,6,10,2,3,4,FALSE,FALSE,FALSE,FALSE,FALSE
,US7475251036,ISIN,QUALCOMM INC,IVV,9521514,FALSE,,59.31,USD,QCOM,Equity,Information Technology,United States,1,8,9,9,9,FALSE,FALSE,FALSE,FALSE,FALSE
,US1101221083,ISIN,BRISTOL MYERS SQUIBB,IVV,10496918,FALSE,,56.54,USD,BMY,Equity,Health Care,United States,9,3,3,9,2,FALSE,FALSE,FALSE,FALSE,FALSE
,AN8068571086,ISIN,SCHLUMBERGER NV,IVV,8895430,FALSE,,66.92,USD,SLB,Equity,Energy,United States,2,4,8,6,6,FALSE,FALSE,FALSE,FALSE,TRUE
,US22160K1051,ISIN,COSTCO WHOLESALE CORP,IVV,2816716,FALSE,,217.54,USD,COST,Equity,Consumer Staples,United States,1,1,4,1,4,FALSE,FALSE,FALSE,FALSE,FALSE
,US09857L1089,ISIN,BOOKING HOLDINGS INC,IVV,309360,FALSE,,2010.6,USD,BKNG,Equity,Consumer Discretionary,United States,7,10,4,2,8,FALSE,FALSE,FALSE,TRUE,FALSE
,US9130171096,ISIN,UNITED TECHNOLOGIES CORP,IVV,4778366,FALSE,,130.36,USD,UTX,Equity,Industrials,United States,6,7,7,3,10,FALSE,FALSE,FALSE,TRUE,FALSE
,US70450Y1038,ISIN,PAYPAL HOLDINGS INC,IVV,7167958,FALSE,,87.38,USD,PYPL,Equity,Information Technology,United States,2,6,5,6,7,FALSE,FALSE,FALSE,FALSE,FALSE
,US6541061031,ISIN,NIKE INC CLASS B,IVV,8237554,FALSE,,76.95,USD,NKE,Equity,Consumer Discretionary,United States,3,4,1,7,6,FALSE,FALSE,FALSE,FALSE,FALSE
,US3755581036,ISIN,GILEAD SCIENCES INC,IVV,8350375,FALSE,,77.05,USD,GILD,Equity,Health Care,United States,4,8,1,1,6,FALSE,FALSE,FALSE,FALSE,FALSE
,US79466L3024,ISIN,SALESFORCE.COM INC,IVV,4529698,FALSE,,147.16,USD,CRM,Equity,Information Technology,United States,9,6,10,8,5,FALSE,FALSE,FALSE,FALSE,FALSE
,IE00B4BNMY34,ISIN,ACCENTURE PLC CLASS A,IVV,4129936,FALSE,,166.89,USD,ACN,Equity,Information Technology,United States,8,8,4,5,8,FALSE,FALSE,FALSE,FALSE,FALSE
,US02209S1033,ISIN,ALTRIA GROUP INC,IVV,12154747,FALSE,,56.94,USD,MO,Equity,Consumer Staples,United States,5,10,10,8,6,TRUE,FALSE,FALSE,FALSE,FALSE
,US9078181081,ISIN,UNION PACIFIC CORP,IVV,4980841,FALSE,,140.41,USD,UNP,Equity,Industrials,United States,6,5,4,5,8,FALSE,FALSE,FALSE,FALSE,FALSE
,US4385161066,ISIN,HONEYWELL INTERNATIONAL INC,IVV,4796855,FALSE,,147.54,USD,HON,Equity,Industrials,United States,6,9,3,8,5,FALSE,FALSE,FALSE,TRUE,FALSE
,US0028241000,ISIN,ABBOTT LABORATORIES,IVV,11259117,FALSE,,63.78,USD,ABT,Equity,Health Care,United States,2,4,7,3,10,FALSE,FALSE,FALSE,FALSE,FALSE
,US8825081040,ISIN,TEXAS INSTRUMENT INC,IVV,6286683,FALSE,,114.59,USD,TXN,Equity,Information Technology,United States,4,9,1,3,7,FALSE,FALSE,FALSE,FALSE,FALSE
,US3696041033,ISIN,GENERAL ELECTRIC,IVV,55777943,FALSE,,13.73,USD,GE,Equity,Industrials,United States,2,2,10,7,2,FALSE,FALSE,FALSE,TRUE,FALSE
,US88579Y1010,ISIN,3M,IVV,3812718,FALSE,,201.6,USD,MMM,Equity,Industrials,United States,8,6,5,7,3,FALSE,FALSE,FALSE,FALSE,FALSE
,IE00BTN1Y115,ISIN,MEDTRONIC PLC,IVV,8696897,FALSE,,88.42,USD,MDT,Equity,Health Care,United States,3,2,1,2,9,FALSE,FALSE,FALSE,FALSE,FALSE
,US5801351017,ISIN,MCDONALDS CORP,IVV,5042456,FALSE,,157.41,USD,MCD,Equity,Consumer Discretionary,United States,9,3,8,8,7,FALSE,FALSE,FALSE,FALSE,FALSE
,US7181721090,ISIN,PHILIP MORRIS INTERNATIONAL INC,IVV,9982954,FALSE,,80.9,USD,PM,Equity,Consumer Staples,United States,2,8,7,1,9,FALSE,FALSE,FALSE,FALSE,FALSE
,US00724F1012,ISIN,ADOBE SYSTEM INC,IVV,3162661,FALSE,,257.68,USD,ADBE,Equity,Information Technology,United States,8,4,10,2,6,FALSE,FALSE,FALSE,FALSE,FALSE
,US9311421039,ISIN,WALMART INC,IVV,9290914,FALSE,,87.72,USD,WMT,Equity,Consumer Staples,United States,5,2,2,2,8,FALSE,FALSE,FALSE,FALSE,FALSE
,US4592001014,ISIN,INTERNATIONAL BUSINESS MACHINES CO,IVV,5482583,FALSE,,149.24,USD,IBM,Equity,Information Technology,United States,7,7,7,10,4,FALSE,FALSE,FALSE,FALSE,FALSE
,US0311621009,ISIN,AMGEN INC,IVV,4277120,FALSE,,191.76,USD,AMGN,Equity,Health Care,United States,9,9,8,1,3,FALSE,FALSE,FALSE,FALSE,FALSE
,US00287Y1091,ISIN,ABBVIE INC,IVV,9732559,FALSE,,89.95,USD,ABBV,Equity,Health Care,United States,10,6,8,6,4,FALSE,FALSE,FALSE,FALSE,FALSE
,US68389X1054,ISIN,ORACLE CORP,IVV,19138370,FALSE,,48.44,USD,ORCL,Equity,Information Technology,United States,4,5,2,10,3,FALSE,FALSE,FALSE,FALSE,FALSE
,US67066G1040,ISIN,NVIDIA CORP,IVV,3898217,FALSE,,252.03,USD,NVDA,Equity,Information Technology,United States,5,7,6,9,2,FALSE,FALSE,FALSE,FALSE,FALSE
,US26078J1007,ISIN,DOWDUPONT INC,IVV,14904292,FALSE,,66.14,USD,DWDP,Equity,Materials,United States,6,4,4,2,9,FALSE,FALSE,FALSE,FALSE,FALSE
,US64110L1061,ISIN,NETFLIX INC,IVV,2791641,FALSE,,364.23,USD,NFLX,Equity,Consumer Discretionary,United States,8,1,2,10,7,FALSE,FALSE,FALSE,FALSE,FALSE
,US20030N1019,ISIN,COMCAST A CORP,IVV,29491485,FALSE,,34.91,USD,CMCSA,Equity,Consumer Discretionary,United States,3,8,2,8,7,FALSE,FALSE,FALSE,FALSE,FALSE
,US7134481081,ISIN,PEPSICO INC,IVV,9105536,FALSE,,115.77,USD,PEP,Equity,Consumer Staples,United States,9,7,1,4,1,FALSE,FALSE,FALSE,FALSE,FALSE
,US2546871060,ISIN,WALT DISNEY,IVV,9548060,FALSE,,112.13,USD,DIS,Equity,Consumer Discretionary,United States,10,8,10,3,8,FALSE,FALSE,FALSE,FALSE,FALSE
,US58933Y1055,ISIN,MERCK & CO INC,IVV,17277363,FALSE,,62.51,USD,MRK,Equity,Health Care,United States,6,7,9,7,10,FALSE,FALSE,FALSE,FALSE,FALSE
,US1912161007,ISIN,COCA-COLA,IVV,24594895,FALSE,,45.11,USD,KO,Equity,Consumer Staples,United States,4,5,2,9,3,FALSE,FALSE,FALSE,FALSE,FALSE
,US1729674242,ISIN,CITIGROUP INC,IVV,16375864,FALSE,,68.99,USD,C,Equity,Financials,United States,2,2,6,2,4,FALSE,FALSE,FALSE,FALSE,FALSE
,US57636Q1040,ISIN,MASTERCARD INC CLASS A,IVV,5888227,FALSE,,206.06,USD,MA,Equity,Information Technology,United States,10,4,10,7,1,FALSE,FALSE,FALSE,FALSE,FALSE
,US0970231058,ISIN,BOEING,IVV,3516908,FALSE,,355.33,USD,BA,Equity,Industrials,United States,10,4,5,5,8,FALSE,FALSE,FALSE,TRUE,FALSE
,US7427181091,ISIN,PROCTER & GAMBLE,IVV,16148975,FALSE,,78.73,USD,PG,Equity,Consumer Staples,United States,3,3,7,3,5,FALSE,FALSE,FALSE,FALSE,FALSE
,US17275R1023,ISIN,CISCO SYSTEMS INC,IVV,30202296,FALSE,,42.4,USD,CSCO,Equity,Information Technology,United States,8,7,10,10,2,FALSE,FALSE,FALSE,FALSE,FALSE
,US92343V1044,ISIN,VERIZON COMMUNICATIONS INC,IVV,26535370,FALSE,,50.75,USD,VZ,Equity,Telecommunications,United States,2,1,4,10,6,FALSE,FALSE,FALSE,FALSE,FALSE
,US7170811035,ISIN,PFIZER INC,IVV,37566418,FALSE,,37.36,USD,PFE,Equity,Health Care,United States,1,6,5,5,7,FALSE,FALSE,FALSE,FALSE,FALSE
,US00206R1023,ISIN,AT&T INC,IVV,46634911,FALSE,,31.27,USD,T,Equity,Telecommunications,United States,10,10,9,5,4,FALSE,FALSE,FALSE,FALSE,FALSE
,US1667641005,ISIN,CHEVRON CORP,IVV,12272304,FALSE,,121.67,USD,CVX,Equity,Energy,United States,6,3,6,7,8,FALSE,FALSE,FALSE,FALSE,TRUE
,US4370761029,ISIN,HOME DEPOT INC,IVV,7408151,FALSE,,202.63,USD,HD,Equity,Consumer Discretionary,United States,7,6,1,4,6,FALSE,FALSE,FALSE,FALSE,FALSE
,US4581401001,ISIN,INTEL CORPORATION CORP,IVV,29926899,FALSE,,51.98,USD,INTC,Equity,Information Technology,United States,10,7,8,10,8,FALSE,FALSE,FALSE,FALSE,FALSE
,US91324P1021,ISIN,UNITEDHEALTH GROUP INC,IVV,6171489,FALSE,,252.93,USD,UNH,Equity,Health Care,United States,6,1,8,9,3,FALSE,FALSE,FALSE,FALSE,FALSE
,US9497461015,ISIN,WELLS FARGO,IVV,28164592,FALSE,,56.33,USD,WFC,Equity,Financials,United States,1,9,1,1,10,FALSE,FALSE,FALSE,FALSE,FALSE
,US92826C8394,ISIN,VISA INC CLASS A,IVV,11470892,FALSE,,140.13,USD,V,Equity,Information Technology,United States,5,10,9,2,5,FALSE,FALSE,FALSE,FALSE,FALSE
,US0605051046,ISIN,BANK OF AMERICA CORP,IVV,60557640,FALSE,,29.67,USD,BAC,Equity,Financials,United States,5,2,6,9,10,FALSE,FALSE,FALSE,FALSE,FALSE
,US4781601046,ISIN,JOHNSON & JOHNSON,IVV,17225007,FALSE,,125.94,USD,JNJ,Equity,Health Care,United States,5,1,4,6,8,FALSE,FALSE,FALSE,FALSE,FALSE
,US30231G1022,ISIN,EXXON MOBIL CORP,IVV,27190048,FALSE,,82.01,USD,XOM,Equity,Energy,United States,1,9,3,9,8,FALSE,FALSE,FALSE,FALSE,TRUE
,US02079K3059,ISIN,ALPHABET INC CLASS A,IVV,1917995,FALSE,,1199.1,USD,GOOG,Equity,Information Technology,United States,10,3,2,1,4,FALSE,FALSE,FALSE,FALSE,FALSE
,US02079K1079,ISIN,ALPHABET INC CLASS C,IVV,1949671,FALSE,,1186.96,USD,GOOG,Equity,Information Technology,United States,2,9,4,7,1,FALSE,FALSE,FALSE,FALSE,FALSE
,US46625H1005,ISIN,JPMORGAN CHASE & CO,IVV,21865761,FALSE,,109.89,USD,JPM,Equity,Financials,United States,6,1,8,2,8,FALSE,FALSE,FALSE,FALSE,FALSE
,US0846707026,ISIN,BERKSHIRE HATHAWAY INC CLASS B,IVV,12360727,FALSE,,197.49,USD,BRKB,Equity,Financials,United States,7,3,2,10,3,FALSE,FALSE,FALSE,FALSE,FALSE
,US30303M1027,ISIN,FACEBOOK CLASS A INC,IVV,15404058,FALSE,,208.09,USD,FB,Equity,Information Technology,United States,7,2,1,8,9,FALSE,FALSE,FALSE,FALSE,FALSE
,US0231351067,ISIN,AMAZON COM INC,IVV,2586426,FALSE,,1812.97,USD,AMZN,Equity,Consumer Discretionary,United States,9,10,4,8,9,FALSE,FALSE,FALSE,FALSE,FALSE
,US5949181045,ISIN,MICROSOFT CORP,IVV,49342127,FALSE,,104.4,USD,MSFT,Equity,Information Technology,United States,2,7,3,2,5,FALSE,FALSE,FALSE,FALSE,FALSE
,US0378331005,ISIN,APPLE INC,IVV,31565423,FALSE,,191.88,USD,AAPL,Equity,Information Technology,United States,4,6,9,9,2,FALSE,FALSE,FALSE,FALSE,FALSE
,USD,ISIN,USD CASH,IVV,114219780,FALSE,,100,USD,USD,Cash,Cash and/or Derivatives,United States,9,4,10,8,7,FALSE,FALSE,FALSE,FALSE,FALSE